,,,,,,,,,,,,,,,,,,,,,,,,,,,,,,,,,,,,,,,,,,,,,,,,,,,,,,,,,,,,,,,,,,,,,,,,,,,,,,,,,,,,,,,,,,,,,,,,,
,,,,,,,,,,,,,,,,,,,,,,,,,,,,,,,,,,,,,,,,,,,,,,,,,,,,,,,,,,,,,,,,,,,,,,,,,,,,,,,,,,,,,,,,,,,,,,Зелень в упаковке 100гр ,,,
,Категория,Поставщик,"product_id
",Наименование,Ед.изм,Расшифровка,Страна происхождения,Статус,model,sku,Вид фасовки,Мин кол-во закупа (кг/шт),Средний вес (кг),Фасовка по зелени,Цена закупа АО (23.01),Цена закупа АО (30.01),Цена закупа АО (05.02),Цена закупа АО (12.02),Цена закупа АО (19.02),Цена закупа АО (26.02),Цена закупа АО (06.03),Цена закупа АО (13.03),Цена закупа (20.03),Цена закупа (27.03),Цена закупа (03.04),Цена закупа (10.04),Цена закупа (17.04),Цена закупа (24.04),Цена закупа (01.05),Цена закупа (05.05),Цена закупа (08.05),Цена закупа (15.05),Цена закупа (22.05),Цена закупа (28.05),Цена закупа (05.06),Цена закупа (12.06),Цена закупа (19.06),Цена закупа (26.06),Цена закупа (03.07),ЗБ (16.04),ЗБ (26.03),ЗБ 23.04,Магнум 23.04,ЗБ 30.04,Магнум 30.04,ЗБ 07.05,Магнум 07.05,ЗБ 14.05,Магнум 14.05,ЗБ 21.05,Магнум 21.05,Магнум 28.05,ЗБ 28.05,Магнум 04.06,ЗБ 04.06,Магнум 11.06,ЗБ 11.06,Магнум 18.06,ЗБ 18.06,Магнум 25.06,ЗБ 25.06,Магнум 03.07,ЗБ 03.07,Разница,Наценка,Расчетная цена за кг (без НДС),НДС,Расчетная цена за кг (с НДС),прайс-лист (БЕЗ НДС) 26.06,прайс-лист (с НДС) 26.06,прайс-лист (с НДС) 19.06,прайс-лист (с НДС) 12.06,прайс-лист (с НДС) 05.06,прайс-лист (с НДС) 29.05,прайс-лист (с НДС) 22.05,,прайс-лист (с НДС) 15.05,прайс-лист (с НДС) 08.05,прайс-лист (с НДС) 01.05,прайс-лист (с НДС) 24.04,прайс-лист (с НДС) 17.04,прайс-лист (с НДС) 10.04,прайс-лист (с НДС) 03.04,прайс-лист (с НДС) 27.03,прайс-лист (с НДС) 13.03,прайс-лист (с НДС) 06.03,прайс-лист (с НДС) 26.02,прайс-лист (с НДС) 20.02,прайс-лист (с НДС) 13.02,прайс-лист (с НДС) 06.02,прайс-лист (с НДС) 30.01,прайс-лист (с НДС) 23.01,прайс-лист (с НДС) 16.01,"Цена за фасовку без НДС, шт.","Цена за фасовку с НДС, шт.",отклонение с прошлым прайсом,Комментарий
1,Фрукты,,203,Авокадо Пинкертон,шт,,,,7456,УТ-00000173,шт,,"0,19",,#REF!,800,,,,700,500,600,650,650,650,650,650,620,620,620,,620,620,620,620,600,650,650,650,,"800,00",,,,,750,909,,,600,,,650,,600,,900,,,,650,955,650,0,20%,780,12%,874,780,874,888,820,833,833,833,744,833,833,868,"868,00","911,00","911,00","911,00","946,00","874,00","728,00","862,40","0,00","0,00","985,60",,,,,,-14,
2,Фрукты,,76,Авокадо Хасс,шт,,,,7480,УТ-00000188,шт,,"0,19",,#REF!,900,850,750,1000,1225,600,600,600,600,600,700,700,650,650,650,,650,650,650,650,700,700,700,700,,"1 000,00","850,00",935,,935,850,935,,865,1000,1115,1025,,1085,850,925,1200,975,,975,800,926,800,0,20%,840,12%,941,840,941,941,941,911,911,911,780,911,911,911,"911,00","980,00","980,00","840,00","840,00","840,00","840,00","1 646,40","1 200,00","900,00","1 028,16","1 088,64","996,80","862,40",,,0,
3,Фрукты,,214,Авокадо Хасс (2шт),упак,2шт,,,7466,УТ-00000175,упак,,"0,38",,,,,,,,,1200,1200,1200,1200,1400,1400,1300,1300,1300,,1300,1300,1300,1300,1400,1400,1400,1400,,"1 800,00",,,,,1500,,,,2000,,,1800,,1800,2269,1800,,,,1600,,1600,0,25%,1750,12%,1960,1750,1960,1960,1960,1820,1 820,1 820,1 625,1 820,1 820,1 820,"1 820,00","1 960,00","1 960,00","1 680,00","1 680,00","1 680,00",,,,,,,,,,,0,
4,Фрукты,,158,Ананас Коста Рика,шт,,Коста Рика,,7402,00000000113,шт,6,"1,50",,1000,1000,1250,1250,1150,1150,1500,1500,1500,1500,1500,1500,1500,1500,1450,1450,1500,1500,1700,1700,1700,1400,1500,1700,1430,,"1 500,00",,1819,1700,1595,1600,2330,,,2000,1929,1929,3500,1359,1800,1359,2500,1659,,,2500,1535,2500,200,25%,2125,12%,2380,2125,2380,2100,1960,2380,2 380,2 380,2 125,2 100,2 031,2 031,"2 016,00","2 016,00","2 016,00","2 016,00","2 016,00","2 016,00","2 016,00","1 378,16","1 230,50","1 337,50","1 498,00","1 288,00","1 489,60","1 601,60",,,280,
5,Фрукты,,204,Ананас ГОЛД,шт,,,,7457,УТ-00000190,шт,,"1,60",,,,,,,2500,2500,2500,2500,2500,2400,2500,,,,,,,,2500,2500,2500,2500,3300,3000,,"2 000,00",,,,,1800,,,,2500,,,3500,,,,2800,,,3610,3000,,3000,800,30%,4290,12%,4805,4290,4805,3640,3640,3640,3 640,"0,00",0,"0,00","0,00","0,00","0,00","0,00","3 640,00","3 494,00","3 640,00","3 640,00","3 640,00","2 996,00",,,,,,,,,1165,
6,Фрукты,,57,Апельсин Египет,кг,,Египет,,,УТ-00000156,Сетка-рукав,,"1,00",,#REF!,690,657,780,800,600,600,600,650,650,700,700,700,700,660,660,,620,620,620,620,610,610,610,610,,"700,00","1 300,00",925,,1039,650,1039,,966,800,849,785,800,785,1000,799,800,799,,799,900,915,1000,0,22%,744,12%,833,744,833,833,833,847,847,847,756,847,902,902,"941,00","941,00","925,00","925,00","859,00","793,00","793,00","772,80","920,00","897,00","846,22","888,72","924,00","924,00",,,0,
7,Фрукты,,221,Апельсин красный ,кг,,Турция,стоп,,УТ-00000157,,,,,,,,,,1400,950,,1100,1100,1100,1200,1200,1200,1200,1200,,,,,,,,,,,"700,00",,,,,,,,,,,,,,,,,,,,,,,0,20%,0,12%,0,0,0,0,0,0,0,0,0,0,1 613,1 613,"1 613,00","1 613,00","1 613,00","1 478,00","1 478,00","0,00","1 277,00","1 803,20",,,,,,,,,0,
8,Фрукты,,205,Апельсин Марокко ,кг,,Марокко ,стоп,,УТ-00000176,,,,,,,,,,1100,1100,1100,900,1000,1000,,1300,,,,,1200,,,,,,,,,"1 300,00","1 500,00",,1500,,1200,1610,,1610,1200-1500,,1265,1000,,,,,,,,,,,0,20%,0,12%,0,0,0,0,0,0,0,"0,00",0,"1 613,00","1 613,00","0,00","0,00","1 747,00","0,00","1 344,00","1 344,00","1 479,00","1 479,00","1 416,80",,,,,,,,,0,
9,Зелень,,122,Базилик зеленый,кг,,,,,00000000151,Cast пакет,,"0,10",,#REF!,10000,8000,10000,13000,11000,11000,11000,11000,5000,5000,7000,7000,5000,6000,6000,,11000,11000,7000,7000,3000,3000,3500,3500,,,"8 000,00",,,,2500,,,,11000,,,,,,,,,,,8000,,8000,500,30%,4550,12%,5096,4550,5096,4368,4368,10192,10 192,16 016,14 300,8 736,8 736,8 736,"7 280,00","9 408,00","9 408,00","6 720,00","6 440,00","14 168,00","14 168,00","14 168,00","14 950,00","11 500,00","10 304,00","12 320,00",,,,,728,
10,Зелень,,78,Базилик фиолетовый,кг,,,стоп,,00000000154,,,,,,,,,,,,,,,,,10000,,,,,,,,,2000,,,,"10 000,00",,,,,,3000,,,,,,,,,,,,,,,5000,,5000,2000,15%,0,12%,0,0,0,0,2576,0,0,"0,00",0,"0,00","0,00","0,00","0,00","12 320,00","0,00","0,00","0,00",,"0,00","0,00",,,,,,,,,-2576,
11,Овощи,,80,Баклажан,кг,,,,,00000000033,Сетка-рукав,,"1,00",,#REF!,1283,1400,1300,1300,1400,1150,700,700,950,950,1500,1200,1000,850,800,750,600,450,500,500,380,,350,,,"1 200,00","1 400,00",2479,1300,2479,1300,1229,1200,1265,800,669,649,700,805,1000,785,800,690,,715,800,,,-120,25%,438,12%,491,438,491,0,532,700,700,631,563,840,1 120,1 191,"1 344,00","1 546,00","1 932,00","1 224,00","1 224,00","902,00","1 482,00","1 724,80","1 430,00","1 430,00","1 693,44","1 580,66","1 366,40","1 478,40",,,-41,
12,Фрукты,,60,Банан,кг,,,,,00000000116,Связка,14,"1,35",,#REF!,742,677,750,800,791,842,842,790,765,765,920,1050,950,750,700,,630,630,630,630,580,580,580,580,,"1 000,00","1 053,00",1319,,1089,800,1055,,1065,1000,969,865,800,831,800,799,750,775,,679,800,685,800,0,20%,696,12%,780,696,780,780,780,847,847,847,756,847,847,1 025,"1 245,00","1 376,00","1 205,00","1 002,00","1 002,00","1 104,00","1 104,00","1 036,53","936,00","877,50","834,06","913,53","936,32","936,32",,,0,
13,Фрукты,,,Банан шт,шт,,,стоп,,,шт,,"0,23",,,,,,,,,,,,,,,,,,,,,,,,,,,,,,,,,,,,,,,,,,,,,,,,,,,0,0%,0,12%,0,0,0,0,0,0,0,"0,00",0,"0,00","0,00","0,00","0,00","0,00","0,00","0,00","0,00",,"0,00","0,00","0,00","0,00",,,,,,,0,
14,Овощи,,52,Брокколи,кг,,Узбекистан,,,00000000035,шт,,"0,50",,#REF!,1450,1400,2000,1600,1400,1500,1300,1300,1300,1200,1300,1500,1250,900,900,,600,600,600,900,650,1000,1500,1500,"1 500,00","1 800,00","1 500,00",1899,1500,1899,1500,1205,1000,775,2000,939,819,1000,,,1155,1600,,,2289,,2269,2200,500,20%,1800,12%,2016,1800,2016,1344,874,1210,806,806,720,806,1 240,1 240,"1 723,00","1 848,00","1 747,00","1 613,00","1 674,00","1 675,00","1 932,00","1 803,20","1 712,00","2 140,00","1 677,76","1 705,20","1 568,00","1 478,40",,,672,
15,Фрукты,,192,Виноград Дамские пальчики,кг,,Индия,стоп,,00000000117,Коррекс-сетка,,"0,50",,0,0,0,0,0,,,,,,,,,1900,1900,1900,,,,,,1500,,,,,,"3 900,00",,,,,,,,,,,2500,,,,,,,,,,,1500,20%,0,12%,0,0,0,0,2016,0,0,0,0,0,2 554,2 554,"2 554,00","0,00","0,00","0,00","0,00",,"0,00","0,00",,"0,00","0,00","0,00","0,00","0,00",,,-2016,
16,Фрукты,,160,Виноград зеленый,кг,,Чили,,,УТ-00000026,Коррекс-сетка,,"0,50",,#REF!,900,1000,1000,,2200,2200,2200,2450,2300,2300,2300,2445,2000,2000,2000,,2000,2000,2000,0,1500,1000,850,900,,"3 000,00","3 900,00",3625,,3835,2500,,,,3000,,,2300,2525,2500,2525,2000,2405,,965,,1035,,-150,20%,1020,12%,1142,1020,1142,1344,2016,0,2 688,2 688,2 400,2 688,2 688,2 688,"2 688,00","3 149,00","2 962,00","2 962,00","2 962,00","2 834,00","2 834,00","2 611,84","0,00","1 060,00","1 187,20","1 068,48","1 075,20","1 288,00",,,-202,
17,Фрукты,,,Виноград Кастельберг ,кг,,,стоп,,,Коррекс-сетка,,"0,50",,0,0,0,0,0,2300,2300,,,,,,,,,,,,,,,,,,,,,,,,,,,,,,,,,,,,,,,,,,,0,20%,0,12%,0,0,0,0,0,0,0,"0,00",0,"0,00","0,00","0,00","0,00","0,00","0,00","0,00","0,00",,"2 963,00","2 833,60",,"0,00","0,00","0,00","0,00","0,00",,,0,
18,Фрукты,,161,Виноград кишмиш,кг,,Узбекистан,стоп,,00000000119,Коррекс-сетка,,"0,50",,#REF!,900,1000,1000,,,,,,,,,,,2800,2800,,,,,,,,,,,,,,,,,,,,,,,,,,,1700,,,,,,,0,20%,0,12%,0,0,0,0,0,0,0,0,0,0,3 763,3 763,"0,00","0,00","0,00","0,00","0,00",,"0,00","0,00","0,00","1 120,00","1 209,60","1 108,80","1 198,40","1 232,00",,,0,
19,Фрукты,,219,Виноград бычий глаз,кг,,Африка,стоп,,УТ-00000170,,,,,,,,,,,,,1900,1850,1900,1900,1420,2000,1900,1900,,1900,1900,1900,1600,2000,,,,,,,,,,2300,,,,2500,,,2500,,1900,,2500,,,,,,,400,20%,0,12%,0,0,0,0,2688,2150,2 554,2 554,2 280,2 554,2 554,2 554,"2 688,00","1 829,00","2 447,00","2 447,00","2 383,00",,,,,,,,,,,,-2688,
20,Фрукты,,159,Виноград Мерс,кг,,Узбекистан,стоп,,УТ-00000191,Коррекс-сетка,,"0,50",,0,0,0,0,1445,2200,1400,2000,,,2700,,,,,,,,,,,,,,,,,,,,,,,,,,,,,,,,,,,,,,,0,20%,0,12%,0,0,0,0,0,0,0,"0,00",0,"0,00","0,00","0,00","0,00","0,00","0,00","3 478,00","0,00",,"1 804,00","2 710,40","1 589,50","0,00","0,00","0,00","0,00","0,00",,,0,
21,Фрукты,,206,Виноград Победа ,кг,,,стоп,,УТ-00000161,Коррекс-сетка,,"0,50",,0,0,0,0,0,,1350,2000,,,,,,,,,,,,,,,,,,,,,,,,,,,,,,,,,,,,,,,,,,0,20%,0,12%,0,0,0,0,0,0,0,"0,00",0,"0,00","0,00","0,00","0,00","0,00","0,00","0,00","0,00",,"1 739,00","0,00",,"0,00","0,00","0,00","0,00","0,00",,,0,
22,Фрукты,,193,Виноград Ризамат,кг,,Узбекистан,,,УТ-00000109,Коррекс-сетка,,"0,50",,0,0,0,0,800,1700,,,,,,,,,,,,,,,,,,2000,1400,,,,,,,,,,,,,,,,,,,,,,,,,0,20%,2400,12%,2688,2400,2688,0,0,0,0,"0,00",0,"0,00","0,00","0,00","0,00","0,00","0,00","0,00","0,00",,"0,00","2 094,40","880,00","0,00","0,00","0,00","0,00","0,00",,,2688,
23,Фрукты,,,Виноград Хусейн ( зеленый),кг,,,стоп,,,Коррекс-сетка,,"0,50",,0,0,0,0,0,,,,,,,,,,,,,,,,,,,,,,,,,,,,,,,,,,,,,,,,,,,,,0,20%,0,12%,0,0,0,0,0,0,0,"0,00",0,"0,00","0,00","0,00","0,00","0,00","0,00","0,00","0,00",,"0,00","0,00",,"0,00","0,00","0,00","0,00","0,00",,,0,
24,Фрукты,,220,Виноград черный,кг,,Африка,стоп,,00000000120,,,,,,,,,,,,,2300,2900,2900,,2700,2170,2170,2170,,2500,2500,1950,2200,,1000,650,,,,"3 000,00",3625,,3625,,,,3705,3000,,,,,2500,,,,,,,1115,1200,-350,30%,845,12%,946,845,946,1456,0,3 203,2 839,3 640,3 250,3 360,2 916,2 916,"2 916,00","3 478,00","0,00","3 735,00","3 735,00",,,,,,,,,,,,-510,
25,Фрукты,,162,Гранат Узбекистан,кг,,Узбекистан,стоп,,00000000121,шт,,"0,40",,#REF!,610,600,570,680,580,650,650,650,700,600,1000,1000,1000,1000,1000,,1000,1000,1000,,2100,,,,,"2 500,00",,,1200,4775,,1805,,1925,,,,,,,,,,,,,,2500,2100,21%,0,12%,0,0,0,0,2846,0,1 355,1 355,1 210,1 322,1 322,1 322,"1 322,00","1 288,00","1 288,00","773,00","902,00","838,00","838,00","747,04","782,00","655,50","772,80","785,68","851,20","837,76",,,-2846,
26,Фрукты,,194,Грейпфрут,кг,,ЮАР,,,00000000122,шт,,"0,43",,#REF!,900,900,850,800,820,800,800,850,900,900,950,950,1000,1000,1000,,1000,1050,1050,1050,1000,1000,1000,1000,,"16 000,00","1 600,00",1359,1000,1679,1000,1795,,1745,1200,1795,1745,1000,1745,,1745,1200,,,1419,1200,1419,1200,0,25%,1250,12%,1400,1250,1400,1400,1400,1471,1 376,1 376,1 313,1 310,1 310,1 310,"1 310,00","1 224,00","1 224,00","1 159,00","1 159,00","1 031,00","1 031,00","1 056,16","920,00","977,50","1 159,20","1 159,20","1 220,80","1 108,80",,,0,
27,Овощи,,81,Грибы Вешенки,кг,,,,,00000000037,Коррекс-сетка,,"0,35",,#REF!,2200,2000,1600,2200,1800,1800,2400,2400,2300,2300,1600,1800,1800,1800,1800,,2200,2200,3000,2500,2200,,2400,2400,,,,,,2835,,,2500,,,,0,,,,,2500,,,,,,2200,-300,25%,3000,12%,3360,3000,3360,0,3080,3500,4 032,2 957,2 750,2 957,2 419,2 419,"2 419,00","2 318,00","2 150,00","3 091,00","3 091,00","3 226,00","2 420,00","2 620,80","2 860,00","2 080,00","2 464,00","2 611,84","1 904,00","1 971,20",,,280,
28,Овощи,KazEcofood,82,Грибы Шампиньоны,кг,,,,,00000000038,Коррекс,,"0,35",,#REF!,1500,1800,1700,1500,1400,1400,1500,1500,1500,1500,1500,1500,1500,1500,1500,,1500,1500,1500,1500,1500,1500,1500,1500,,,,2995,,2995,,2995,6000,2995,,3245,3245,,3245,,3245,2000,3245,,2105,,2005,2000,0,20%,1800,2%,1836,1800,1836,1836,1836,1836,1 836,2 016,1 800,1 836,1 836,1 836,"1 836,00","1 695,00","1 882,00","1 882,00","1 882,00","1 882,00","1 757,00","1 724,80","1 650,00","1 870,00","2 116,80","1 848,00","1 848,00","1 848,00",,,0,
29,Овощи,KazEcofood,195,Грибы Шампиньоны мелкие,кг,,,,,УТ-00000108,Коррекс,,"0,35",,,,,,,1400,1400,1500,1500,1500,1500,1500,1500,1500,1500,1500,,1500,1500,1500,1500,1500,1500,1500,1500,,,,,,,,,6000,,,,,,,,,2000,,,,,,2000,0,20%,1800,2%,1836,1800,1836,1836,1836,1836,1 836,2 016,1 800,1 836,1 836,1 836,"1 836,00","1 725,00","1 932,00","1 932,00","1 932,00","1 932,00","1 804,00","1 724,80",,,,,,,,,0,
30,Фрукты,,189,Груша Дюшес,кг,,Китай,стоп,,00000000550,Сетка-рукав,,"1,00",,0,0,0,0,0,1121,950,950,,,,1100,,780,750,750,,750,800,800,,,,1000,,,,,1679,,1775,1000,1655,,1505,,1505,1505,1200,1505,1500,,,,,,,,,0,22%,1220,12%,1366,1220,1366,0,0,0,1 093,1 093,976,1 008,1 008,1 008,"1 005,00","0,00","1 417,00","0,00","0,00",,"1 224,00","1 381,07",,"0,00","0,00","0,00","0,00","0,00",,,1366,
31,Фрукты,,207,Груша Конференция,кг,,,стоп,,УТ-00000179,Сетка-рукав,2,"1,00",,0,0,0,0,1000,1000,1000,1000,,1000,1000,1200,1400,1350,1400,1400,,1300,1300,1300,,1000,,,,,"1 500,00","1 700,00",1495,,1495,1500,2125,,1955,1300,1955,2105,1300,1669,1500,1839,1800,1765,,1765,1800,,1800,1000,18%,0,12%,0,0,0,0,1322,0,1 718,1 718,1 534,1 674,1 803,1 803,"1 739,00","1 803,00","1 546,00","1 288,00","1 232,00",,"1 232,00","1 232,00","1 100,00","0,00","0,00","0,00","0,00","0,00",,,-1322,
32,Фрукты,,163,Груша Пакхам,кг,,,стоп,,00000000126,Сетка-рукав,2,"1,00",,,,,,,945,1026,1026,,900,900,1200,1200,1150,1000,1000,,950,1100,1200,1200,800,1000,1100,,,,,,,1775,,1729,,1565,,1565,,1200,,,1385,1800,1359,,1225,,1599,,100,20%,1320,12%,1478,1320,1478,1344,1075,1613,1 613,1 478,1 320,1 298,1 366,1 366,"1 482,00","1 546,00","1 546,00","1 159,00","1 210,00",,"1 379,00","1 270,08",,,,,,,,,134,
33,Фрукты,,,Груша Талгарка,кг,,,стоп,,00000000127,Сетка-рукав,,"1,00",,#REF!,1100,850,750,750,750,650,950,950,900,950,1100,,,,,,,,,,,,,,,,,,,,,,900,,,,,,,,,,,,,,,,0,25%,0,12%,0,0,0,0,0,0,0,"0,00",0,"0,00","0,00","0,00","0,00","0,00","1 417,00","1 224,00","1 159,00","1 224,00","838,00","966,00","862,50","862,50","1 094,80","1 355,20","1 993,60","1 120,00",,,0,
34,Фрукты,,222,Груша Форель красная,кг,,Польша,стоп,,УТ-00000202,,,,,,,,,,,,,1100,1160,1200,1200,1500,1230,1300,1300,,1300,1300,1200,1200,1200,1200,1200,,,,"1 300,00",1949,,1949,,1865,,1925,1800,2015,,,2015,1600,1805,1600,1849,,1849,1500,1849,1500,0,20%,1440,12%,1613,1440,1613,1613,1613,1613,1 613,1 747,1 560,1 747,1 747,1 747,"1 585,00","1 932,00","1 546,00","1 546,00","1 624,00",,,,,,,,,,,,0,
35,Зелень,"ИП ""ЕЛЬНУР""",125,Джусай,кг,,,,,00000000156,Cast пакет,,"0,10",,0,0,0,0,0,,1200,700,2000,700,700,500,500,500,600,600,,600,600,400,400,400,400,400,500,,"250,00","1 800,00",1199,,1199,1000,625,,945,1000,1025,1025,,846,,769,,769,,779,2500,845,2500,0,35%,540,12%,605,540,605,605,605,694,632,1 042,810,704,773,773,"644,00","644,00","644,00","902,00","862,00","863,00","1 479,00","0,00",,"0,00","0,00","0,00","0,00","0,00",,,0,
36,Зелень,"ИП ""ЕЛЬНУР""",74,Кинза,кг,,,,,00000000236,Cast пакет,,"0,10",,#REF!,3300,2600,2200,2300,2200,1800,2000,2500,1000,2000,2000,1500,2000,1800,1800,,1200,1000,550,800,1200,1200,1200,1400,"2 000,00",,"2 000,00",3159,,3159,1500,1515,,1625,1500,1569,1569,,1235,,1755,,2045,,2405,3000,2795,3000,0,25%,1500,12%,1680,1500,1680,1680,1680,1165,1 010,2 016,1 250,1 444,2 379,2 379,"2 643,00","1 982,00","2 576,00","2 576,00","1 288,00","2 576,00","2 319,00","2 833,60","2 645,00","2 530,00","3 348,80","4 028,64","4 032,00","3 203,20",,,0,
37,Зелень,"ИП ""ЕЛЬНУР""",129,Листья салата,кг,,,,,00000000233,Cast пакет,,"0,40",,#REF!,2600,2300,2100,2500,2000,1600,1700,2600,1600,1500,1500,1000,1000,800,800,,800,700,400,400,400,400,380,600,,"600,00","1 000,00",2098,,2095,1700,579,2000,975,1500,1109,999,1600,885,1600,925,1600,845,,845,1700,1565,1700,-20,35%,513,12%,575,513,575,605,605,672,694,1 333,945,1 020,1 120,1 120,"1 400,00","1 400,00","2 100,00","2 100,00","2 330,00","2 476,00","2 330,00","2 688,00","3 000,00","2 520,00","3 091,20","3 494,40","4 144,00","4 144,00",,,-30,
38,Зелень,"ИП ""ЕЛЬНУР""",130,Листья салата Красный,кг,,,,,00000000161,Cast пакет,,"0,10",,,,,,,,3500,2400,2400,2400,3200,3000,2000,2000,1800,1800,,,1000,700,700,700,700,600,600,,,"3 700,00",,,,2500,,550,,1000,,,2000,,2000,,2000,,,,2000,,2000,-100,35%,810,12%,907,810,907,1058,1058,1098,1 107,1 736,1 350,0,2 419,2 419,"2 688,00","2 688,00","4 032,00","3 942,00","2 957,00","2 957,00","4 312,00",,,,,,,,,,-151,
39,Зелень,"ИП ""ЕЛЬНУР""",132,Лук зеленый,кг,,,,,00000000163,Cast пакет,,"0,10",,#REF!,3300,2400,2300,2000,2000,1500,1500,2000,1200,1500,1500,1500,1500,1600,1600,,1600,1300,750,750,800,800,800,800,,,"2 000,00",2519,,2519,2600,2149,1900,2595,2000,2319,1909,1500,1005,1500,1249,1500,1235,,1159,2500,1247,2500,0,30%,1040,12%,1165,1040,1165,1165,1165,1260,1 301,2 475,1 690,1 958,2 150,2 150,"2 016,00","2 016,00","2 016,00","2 016,00","1 613,00","2 016,00","2 016,00","2 576,00","2 300,00","2 645,00","3 091,20","4 065,60","3 584,00","3 740,80",,,0,
40,Зелень,"ИП ""ЕЛЬНУР""",136,Мята,кг,,,,,00000000295,Cast пакет,,"0,10",,#REF!,3100,2800,2800,2800,2800,2400,2500,3000,1500,1200,1200,1000,1000,1800,1800,,1800,1600,900,900,1400,1400,1500,1700,"3 000,00",,"3 300,00",5345,,5345,3000,2599,2000,1739,2500,1919,1919,3000,1665,3000,1849,3000,2205,,2345,5000,,5000,100,25%,1875,12%,2100,1875,2100,1960,1960,1462,1 469,2 867,2 000,2 203,2 419,2 419,"1 400,00","1 400,00","1 546,00","1 546,00","1 932,00","3 220,00","3 092,00","3 606,40","3 220,00","3 220,00","3 606,40","3 784,48","3 808,00","3 696,00",,,140,
41,Зелень,"ИП ""ЕЛЬНУР""",139,Петрушка кудрявая,кг,,,,,00000000170,Cast пакет,,"0,10",,0,0,0,0,0,2200,2200,2600,,1600,1500,,1500,1500,1800,1800,,1600,1400,1200,1200,1500,1500,1300,1300,,"3 500,00","2 000,00",,,,3500,,1800,,2000,,,3000,,3000,,3000,,,,,,3500,-200,20%,1560,12%,1747,1560,1747,2016,2016,1613,1 469,1 882,1 680,1 909,2 359,2 359,"1 966,00","1 932,00","0,00","1 932,00","2 061,00","3 349,00","2 834,00","2 833,60",,"0,00","0,00","0,00","0,00","0,00",,,-269,
42,Зелень,"ИП ""ЕЛЬНУР""",75,Петрушка обычная,кг,,,,,00000000171,Cast пакет,,"0,10",,#REF!,1400,1100,1100,1800,2800,1500,1200,2000,1000,1000,1200,1400,1500,1400,1400,,1250,1200,750,700,700,700,600,600,,"2 000,00","3 300,00",1749,,1749,1500,1525,1900,1625,1500,2009,1505,2000,1405,2000,1405,2000,1189,,1105,1500,1103,1500,-100,35%,810,12%,907,810,907,1058,1058,1176,1 186,2 083,1 620,1 492,1 835,1 835,"1 966,00","1 803,00","1 546,00","1 288,00","1 288,00","1 546,00","1 932,00","3 606,40","2 070,00","1 265,00","1 416,80","1 677,76","1 568,00","1 680,00",,,-151,
43,Зелень,"ИП ""ЕЛЬНУР""",77,Руккола,кг,,,,7381,00000000234,Cast пакет,,"0,10",,#REF!,6800,7500,11200,11500,9500,1800,1300,900,1000,1000,1200,1300,1700,1300,1300,,1600,1500,900,1100,1200,1200,1150,1150,,,"3 900,00",3595,,3595,2700,,1500,2705,2000,2899,2355,2500,2075,2500,2075,2500,2075,,1885,2500,2485,2500,-50,35%,1553,12%,1739,1553,1739,1814,1814,1971,1 469,2 688,2 025,2 040,1 820,1 820,"2 228,00","1 674,00","1 546,00","1 288,00","1 288,00","1 675,00","2 319,00","11 172,00","12 075,00","11 760,00","8 820,00","7 996,80","5 824,00","5 544,00",,,-75,
44,Зелень,"ИП ""ЕЛЬНУР""",127,Зелень сельдерея,кг,,,,,00000000158,Cast пакет,,"0,10",,,,,,,,800,800,800,1000,1000,1000,500,700,900,900,,1000,1100,1050,950,800,800,1100,600,,,,,,,1500,,1900,,,,,2500,,2500,,2500,,,,,,,300,25%,1375,12%,1540,1375,1540,1120,1120,1331,1 339,1 540,1 375,1 193,1 179,1 179,"917,00","644,00","1 288,00","1 288,00","1 288,00","1 031,00","1 031,00",,,,,,,,,,420,
45,Зелень,"ИП ""ЕЛЬНУР""",274,Стрелки чеснока,кг,,,,7391,00000000180,,,,,0,0,0,0,0,,1500,1100,1100,1100,1100,1100,1100,1100,1600,1600,,1200,700,450,450,450,450,650,650,,,,,,,1500,,1900,,,,,800,,800,,800,949,,925,,1235,1200,200,40%,910,12%,1019,910,1019,706,706,706,712,1 215,980,1 432,2 097,2 097,"1 441,00","1 417,00","1 417,00","1 417,00","1 417,00","1 417,00","1 932,00","0,00",,"0,00","0,00","0,00","0,00","0,00",,,313,
46,Зелень,"ИП ""ЕЛЬНУР""",151,Укроп,кг,,,,,00000000184,Cast пакет,,"0,10",,#REF!,1400,1100,1100,1800,3300,1500,1300,2000,1500,1600,1300,1400,1400,1400,1400,,1300,1200,750,800,800,800,600,750,,"2 500,00","3 300,00",2395,,2395,1500,1525,1600,1625,,1919,1465,1500,1469,1500,1469,1500,1469,,1235,2000,1468,2000,-200,40%,840,12%,941,840,941,1254,1254,1434,1 224,2 150,1 680,1 551,1 835,1 835,"1 835,00","1 803,00","1 674,00","2 061,00","2 016,00","1 748,00","2 016,00","4 435,20","2 070,00","1 265,00","1 416,80","1 803,20","2 128,00","1 848,00",,,-313,
47,Зелень,"ИП ""ЕЛЬНУР""",155,Шпинат,кг,,,,,"00000000188
",Cast пакет,,"0,10",,#REF!,2100,1800,1800,1800,1600,1300,700,1200,1200,1500,1500,1200,1200,1200,1200,,900,700,400,400,400,400,850,1400,,"2 000,00",,2145,,2145,1600,925,1300,1095,700,1165,1165,1500,939,1500,,1500,939,,1495,2500,2735,2500,450,35%,1148,12%,1286,1148,1286,627,627,627,632,1 215,945,1 074,1 572,1 572,"1 572,00","1 546,00","1 932,00","1 932,00","1 546,00","902,00","1 675,00","1 971,20","1 980,00","1 980,00","2 217,60","2 469,60","1 904,00","1 724,80",,,659,
48,Зелень,"ИП ""ЕЛЬНУР""",157,Щавель,кг,,,,,00000000190,Cast пакет,,"0,10",,,,2000,1800,1800,2800,2200,800,1500,1500,500,500,500,600,800,800,,800,700,500,1100,450,450,450,500,"1 500,00","1 300,00",,1679,,1679,1600,755,700,919,1000,1429,,1600,1045,1600,1135,1600,965,,939,2000,935,2000,0,35%,608,12%,681,608,681,681,681,1725,714,1 098,945,955,1 048,1 048,"786,00","644,00","644,00","644,00","1 932,00","1 031,00","2 834,00","3 449,60","1 980,00","1 980,00","2 464,00",,,,,,0,
49,Овощи,,84,Кабачки,кг,,Китай, ,,00000000039,Сетка-рукав,,"1,00",,#REF!,1500,1300,1500,1500,1200,1200,1200,1200,1100,1100,1100,1100,300,450,450,,250,220,250,200,120,250,150,150,"1 000,00",,"1 600,00",1065,,595,,595,600,435,250 местные,349,349,350,,500,195,250,150,,179,200,215,200,-100,30%,195,12%,218,195,218,364,181,302,351,308,286,364,655,655,"437,00","1 355,00","1 380,00","1 380,00","1 380,00","1 506,00","1 506,00","1 505,28","1 680,00","1 680,00","1 601,60","1 764,00","1 624,00","1 663,20",,,-146,
50,Грязь,,50,Капуста белокочанная молодая,кг,,,,,00000000446,шт,,"2,30",,120,200,200,200,140,110,80,80,150,,,100,100,220,220,300,350,250,220,150,100,90,150,120,150,,,,345,,319,400,345,374,385,300,329,229,350,116,250,109,150,145,,145,250,195,250,-30,30%,156,12%,175,156,175,218,131,151,227,296,286,336,403,296,"276,00","125,00","125,00","0,00","0,00",,"101,00","137,98","156,80","224,00","246,40","246,40","145,60","100,80",,,-43,
51,Овощи,,215,Капуста зеленая голландская,кг,,,стоп,,УТ-00000195,,,,,,,,,,,140,160,160,180,180,180,190,210,,,,,,150,,,,,,,,,,,,,,,,,,,,,,,,,,,,,,0,15%,0,12%,0,0,0,0,0,0,194,"0,00",0,"0,00","0,00","0,00","271,00","239,00","226,00","226,00","226,00","201,00","176,00",,,,,,,,,,0,
52,Овощи,,86,Капуста красная,кг,,,,,00000000041,шт,,"1,00",,#REF!,400,400,400,400,400,400,400,400,400,400,450,650,580,500,500,,500,500,500,500,400,400,400,400,"700,00",,"750,00",1165,,1165,800,,900,1165,800,799,,1000,,,,650,,,,600,,700,0,28%,512,12%,573,512,573,573,573,717,672,672,640,672,672,672,"780,00","801,00","554,00","493,00","493,00","493,00","493,00","492,80","440,00","440,00","492,80","492,80","481,60","431,20",,,0,
53,Овощи,,87,Капуста пекинская,кг,,,,,00000000042,шт,,"2,00",,#REF!,300,300,250,270,270,230,260,260,260,260,250,250,210,220,220,250,250,160,140,120,120,150,350,400,"300,00","800,00","650,00",395,1000,415,350,309,450,385,600,369,339,,245,,255,180,230,,485,300,785,550,200,25%,438,12%,491,438,491,218,175,181,212,233,200,351,308,308,"295,00","323,00","323,00","335,00","335,00","335,00","297,00","332,64","297,00","275,00","369,60","369,60","291,20","274,40",,,273,
54,Овощи,,216,Капуста пекинская мини,кг,,,стоп,,УТ-00000196,,,,,0,0,0,0,0,,1700,1700,1700,,,,,,,,,,,,,,,,,,,,,,,,,,,,,2254,,,,,,,,,,,,0,20%,0,12%,0,0,0,0,0,0,0,"0,00",0,"0,00","0,00","0,00","0,00","0,00","0,00","0,00","0,00","2 247,00","2 247,00","0,00",,"0,00","0,00","0,00","0,00","0,00",,,0,
55,Овощи,,88,Капуста цветная,кг,,Казахстан,,,00000000043,шт,,"1,00",,#REF!,850,850,850,850,1200,1400,1250,1300,1200,1200,1200,800,770,700,700,600,500,400,300,300,800,1100,1300,800,,"2 500,00","1 000,00",1515,1500,1275,700,735,,755,500,729,,350,365,600,,550,,,1345,1200,1345,1400,200,20%,1560,12%,1747,1560,1747,1478,1075,403,403,538,480,672,941,980,"1 079,00","1 120,00","1 680,00","1 680,00","1 680,00","1 750,00","1 960,00","1 438,08","909,50","909,50","999,60","999,60","806,40","619,70",,,269,
56,Фрукты,,,"Карамбулла, шт",шт,,,стоп,,,,,,,,,,,,,710,,,,,,,,,,,,,,,,,,,,,,,,,,,,,,,,,,,,,,,,,,,0,30%,0,12%,0,0,0,0,0,0,0,"0,00",0,"0,00","0,00","0,00","0,00","0,00","0,00","0,00","0,00",,"915,00",,,,,,,,,,0,
57,Овощи,,89,Картофель Батат,кг,,Китай,стоп,,00000000045,Сетка-рукав,,"1,00",,#REF!,,,1200,1200,,1200,1500,1500,,1500,1500,1500,1500,1500,1500,,1500,1500,1500,1500,1200,1200,1200,,"1 700,00","2 500,00","1 700,00",,,,2000,,1800,,2500,,,,,,,3000,,,,1500,,1600,-300,25%,1500,12%,1680,1500,1680,1680,1680,2100,2 016,2 016,1 875,2 016,2 016,2 016,"2 016,00","1 882,00","2 016,00","2 016,00","3 220,00","1 932,00","1 546,00","0,00","1 320,00","1 320,00","0,00",,,"1 680,00",,,0,
58,Овощи,,90,Картофель Бейби,кг,,,,,00000000046,,,,,,,,,,,,,,,1000,1000,1000,1000,400,400,,1000,400,400,200,100,200,150,150,"1 000,00","2 000,00","1 000,00",,,,,,220,,600,,,350,,,,200,,,863,200,,200,-50,40%,210,12%,235,210,235,314,157,314,538,538,560,1 344,538,538,"1 344,00","1 254,00","1 400,00","1 400,00","0,00",,,,,,,,,,,,-79,
59,Грязь,,91,Картофель отборный,кг,,Павлодар,,,00000000047,Сетка-рукав,,"1,00",,#REF!,165,200,180,175,165,165,175,175,180,180,180,170,170,185,200,220,180,180,180,200,260,,200,200,,,"250,00",365,,365,250,285,,285,250,285,285,,285,250,285,350,,,,,305,300,60,20%,240,12%,269,240,269,0,349,269,242,242,216,242,269,263,"220,00","220,00","242,00","242,00","242,00","236,00","222,00","221,76","210,00","216,00","257,60","212,52","218,40","221,76",,,-80,
60,Фрукты,,166,Киви (в упаковке),упак ,,,,,00000000133,упак,,"0,75",,#REF!,500,500,500,450,450,450,450,550,550,550,850,500,500,600,600,,500,550,550,700,700,700,750,750,,,"1 500,00",815,800,885,700,925,,819,800,819,819,800,1145,600,1105,,1069,,1059,800,1129,800,50,20%,900,12%,1008,900,1008,941,941,941,739,739,660,672,672,806,"672,00","672,00","1 095,00","709,00","709,00","580,00","580,00","579,60","517,50","575,00","644,00","644,00","660,80","616,00",,,67,
61,Фрукты,,208,Кокос,шт,,,стоп,,УТ-00000183,,,,,0,0,0,0,400,400,400,400,,,1100,,1100,,,,,,,,,400,,,,,"1 300,00",,,,,600,,,529,1000,,,1500,565,800,1565,,1565,,1565,650,3528,650,400,20%,0,12%,0,0,0,0,538,0,0,"0,00",0,"0,00","0,00","0,00","0,00","1 478,00","0,00","1 478,00","0,00",,"538,00","537,60","480,00","0,00","0,00","0,00","0,00","0,00",,,-538,
62,Овощи,,83,Корень Имбиря,кг,,Китай,,,00000000048,Коррекс,,"0,30",,2200,1900,2000,2000,1800,1600,1500,1500,1500,1500,1290,1300,1300,1700,1700,1700,,1700,1700,1500,1500,1800,1800,1800,1800,,,"1 800,00",2475,2000,2475,,2475,2200,2679,2000,2769,2859,,2679,,2825,2500,2619,,2869,300,2935,2000,0,30%,2340,12%,2621,2340,2621,2621,2621,2268,2 268,2 285,2 210,2 285,2 285,2 285,"2 285,00","1 747,00","1 747,00","1 734,00","2 016,00","2 016,00","2 016,00","2 024,96","2 034,00","2 260,00","2 531,20","2 553,60","3 180,80","2 464,00",,,0,
63,Фрукты,,167,Лайм,кг,,Бразилия,,,00000000134,шт,,"0,08",,#REF!,1980,2000,2000,1900,1900,1560,1700,1700,2000,2000,2100,3200,3750,2900,2900,,2900,2900,2700,2700,2750,2750,2750,2750,,"2 000,00",,2535,3500,4725,3500,4725,,4725,3300,4089,4089,2800,4025,2500,3720,3000,3949,,3185,2800,3185,2800,0,20%,3300,12%,3696,3300,3696,3696,3696,3629,3 629,3 898,3 480,3 898,3 898,3 898,"5 040,00","4 480,00","2 940,00","2 800,00","2 800,00","2 380,00","2 184,00","2 340,80","2 090,00","2 200,00","2 464,00","2 439,36","2 464,00","2 464,00",,,0,
64,Фрукты,,209,Лимон Турция,кг,,Турция,,,УТ-00000153,шт,,"0,14",,#REF!,817,900,900,850,850,1000,1000,850,850,850,850,950,800,900,900,,900,950,950,1000,1000,1000,1000,1000,,"1 000,00","1 200,00",1195,1800,1419,,1475,,1465,,1349,1349,1000,1309,1000,1505,1200,1505,,,1200,1143,1200,0,20%,1200,12%,1344,1200,1344,1344,1344,1344,1 224,1 224,1 140,1 159,1 159,1 159,"1 030,00","1 224,00","1 095,00","1 095,00","1 095,00","1 288,00","1 288,00","1 047,20","935,00","990,00","1 108,80","1 006,54","1 030,40","800,80",,,0,
65,Фрукты,,169,Лимон Узбекистан,кг,,Узбекистан,стоп,,УТ-00000192,шт,,"0,14",,0,0,0,0,0,,750,750,750,750,700,700,850,800,950,950,,950,,1000,1100,,,,,,"1 200,00","2 000,00",1445,1500,1655,1200,1525,1100,,1500,,,1300,,,,,,,,,,,-1100,25%,0,12%,0,0,0,0,0,1 540,1 400,0,0,1 256,1 256,1 256,"1 057,00","1 095,00","902,00","902,00","974,00","975,00","975,00","0,00",,"0,00","0,00","0,00","0,00","0,00",,,0,
66,Грязь,,113,Лук белый,кг,,,,,УТ-00000013,Сетка-рукав,,"1,00",,#REF!,350,380,390,330,290,290,250,300,400,400,450,450,450,400,400,,850,,,900,800,800,800,800,,"1 500,00",,,,,,,1500,,1200,,,250,1205,,1205,1550,,,,,,1200,0,25%,1000,12%,1120,1000,1120,1120,1120,1260,0,0,0,1 191,560,560,"631,00","631,00","631,00","560,00","560,00","350,00","406,00","373,52","379,50","448,50","468,16","431,20","324,80","308,00",,,0,
67,Грязь,,114,Лук красный,кг,,,,,00000000049,Сетка-рукав,,"1,00",,#REF!,300,350,320,340,300,300,250,300,400,400,450,450,600,600,600,1000,800,550,500,500,350,350,400,400,"400,00","700,00","800,00",,1200,,,,950,,1200,,,,965,,965,800,,,,1000,,1000,50,35%,540,12%,605,540,605,549,549,784,784,739,743,1 075,806,806,"806,00","564,00","631,00","560,00","560,00","350,00","420,00","369,60","374,00","352,00","431,20","386,40",,"308,00",,,56,
68,Овощи,,196,Лук порей,кг,,,стоп,,00000000314,,,,,,,,1000,1200,1200,1200,,,,1500,,2200,,,,,,1100,1100,1100,1500,1500,1500,,,,,,,,,,,,,,,,,,,400,,,,1800,,1800,400,20%,1800,12%,2016,1800,2016,2016,2016,1478,1 478,"1 478,00",1 320,"0,00","0,00","0,00","0,00","2 957,00","0,00","2 100,00","0,00",,"28 224,00","1 344,00","1 200,00",,,,,,,,0,
69,Грязь,,111,Лук репчатый молодой,кг,,,,,00000000076,Сетка-рукав,,"1,00",,#REF!,255,300,280,250,240,210,190,190,190,190,300,250,250,235,240,280,230,210,180,195,170,200,180,200,,"400,00",,398,,425,350,389,420,439,330,419,285,,255,,275,400,245,,255,250,255,250,-20,25%,225,12%,252,225,252,280,239,273,252,282,263,309,323,310,"330,00","323,00","386,00","245,00","245,00","245,00","271,00","295,68","275,00","308,00","369,60","314,16","263,20","246,40",,,-28,
70,Фрукты,,210,Манго Китай,шт,,Китай,стоп,,00000000138,,,,,0,0,0,0,0,,2000,2000,2000,2000,1900,1800,1500,1500,1400,1400,,1200,1200,1000,1100,920,1000,1100,,,"2 500,00","2 200,00",1955,2500,1229,1500,1205,,1809,1500,,,1500,1805,1800,1625,1500,1899,,,2000,2105,2000,100,25%,1375,12%,1540,1375,1540,1400,1288,1540,1 344,1 613,1 500,1 613,1 882,1 882,"2 016,00","2 016,00","2 318,00","2 447,00","2 576,00","2 576,00","2 576,00","0,00",,"0,00","0,00","0,00","0,00","0,00",,,140,
71,Фрукты,,197,Мандарин Марокко,кг,,Марокко,стоп,,00000000139,Сетка-рукав,8,"1,00",,#REF!,700,935,1000,1100,1090,1000,1000,1000,1000,1000,1000,,1200,1200,1200,,1200,,,,1000,,,,,"1 500,00","1 700,00",1545,1000,2125,1300,1559,1500,2005,,2005,2005,1300,,,,,,,,,,,1000,25%,0,12%,0,0,0,0,1400,0,0,0,0,1 586,1 586,1 586,"1 586,00","0,00","1 288,00","1 288,00","1 288,00","1 288,00","1 288,00","1 342,88","1 210,00","1 100,00","1 151,92","1 019,20","1 254,40","1 478,40",,,-1400,
72,Фрукты,,211,Мандарин Пакистан,кг,,Пакистан,стоп,,УТ-00000163,,,,,,,,,,420,420,420,,,,,,,,,,,,,,,,,,,,,,,,,,,,,,,,,,,,,,,,,,0,25%,0,12%,0,0,0,0,0,0,0,"0,00",0,"0,00","0,00","0,00","0,00","0,00","0,00","0,00","0,00",,"541,00","517,44",,,,,,,,,0,
73,Фрукты,,168,Мандарин с листьями,кг,,Китай,стоп,,УТ-00000145,Сетка-рукав,6,"1,00",,#REF!,750,1092,1300,1000,990,900,900,,,,,,,,,,,,,,,,,,,,,,,,,,,,,,,,,,,,,,,,,,0,25%,0,12%,0,0,0,0,0,0,0,"0,00",0,"0,00","0,00","0,00","0,00","0,00","0,00","0,00","0,00",,"1 160,00","1 219,68","1 100,00","1 430,00","1 345,34","1 092,00","1 282,40","1 436,51",,,0,
74,Фрукты,,170,Мандарин Турция ,кг,,Турция ,стоп,,УТ-00000164,,,,,,,,,,1050,1000,1000,1000,1000,1000,1100,1100,1100,1100,1100,,1100,1100,1100,1100,,0,1100,,,"1 300,00","1 800,00",,,2125,1300,2125,,1345,,,,,,1400,,,,,,,,,-1100,22%,1342,12%,1503,1342,1503,0,0,1 503,1 503,1 478,1 342,1 454,1 454,1 454,"1 454,00","1 417,00","1 417,00","1 288,00","1 288,00","1 288,00","1 288,00","1 293,60",,,,,,,,,1503,
75,Фрукты,,,Мандарины Турция (Novita),кг,,Турция ,стоп,,,,,,,0,0,0,0,0,,,,,,,,,,,,,,,,,,,,,,,,1439,,,,,,,,,,,,,,,,,,,,,0,25%,0,12%,0,0,0,0,0,0,0,"0,00",0,"0,00","0,00","0,00","0,00","0,00","0,00","0,00","0,00",,"0,00","0,00",,"0,00","0,00","0,00","0,00","0,00",,,0,
76,Фрукты,,217,"Маракуйя, упак",упак,2шт,,стоп,,УТ-00000152,упак,,"0,15",,0,0,0,0,700,350,600,,,,,,550,600,600,600,,700,700,700,700,600,,,,,,"1 000,00",,1000,,800,,,,,,,800,,800,,,,,,800,,800,-100,20%,0,12%,0,0,0,0,806,941,941,941,840,941,806,806,"806,00","739,00","0,00","0,00","0,00",,"807,00","470,40","840,00","0,00","0,00","0,00","0,00","0,00",,,-806,
77,Грязь,,94,Морковь желтая,кг,,,,,00000000054,Сетка-рукав,,"1,00",,#REF!,220,200,300,190,190,200,200,200,200,200,200,200,200,200,200,250,250,250,250,250,210,210,210,210,,"700,00","350,00",,,,500,,700,,500,,,,,350,,700,,,,,,300,0,30%,273,12%,306,273,306,306,306,323,323,323,325,323,258,258,"258,00","258,00","258,00","258,00","258,00","258,00","258,00","244,72","218,50","345,00","257,60","271,04","271,04","221,76",,,0,
78,Грязь,,53,Морковь свежая,кг,,Павлодар,,,00000000316,Сетка-рукав,,"1,00",,#REF!,155,200,190,145,160,160,150,160,160,170,170,170,210,230,230,250,270,250,250,300,280,300,210,280,,,"325,00",245,,245,350,249,,249,350,249,249,350,249,500,255,400,795,,685,,389,300,-90,20%,252,12%,282,252,282,403,376,403,323,323,300,348,297,297,"271,00","215,00","215,00","215,00","203,00","190,00","203,00","197,12","159,50","209,00","246,40","190,96","184,80","166,32",,,-121,
79,Овощи,,95,Огурцы короткоплодные,кг,,,,,00000000316,Сетка-рукав,,"1,00",,#REF!,1880,1807,1700,1850,1870,1200,850,1200,700,850,900,900,300,480,480,600,600,400,400,400,,550,400,350,,,,,,,500,,400,,300,,,550,,,,450,,,,500,,500,-150,20%,480,12%,538,480,538,739,0,538,538,538,480,806,645,645,"403,00","1 210,00","1 210,00","1 142,00","980,00","1 190,00","1 680,00","2 261,95","1 998,00","1 836,00","2 185,75","2 210,88","1 892,80","1 909,60",,,-201,
80,Овощи,,54,Огурцы миринда,кг,,,,,00000000260,Сетка-рукав,,"1,00",,#REF!,1800,1807,1800,1950,1870,1200,850,1200,700,700,900,900,300,200,450,450,400,300,300,300,400,450,300,300,,,,885,,569,,395,400,395,300,375,469,500,305,,405,600,589,,485,500,465,500,-150,20%,360,12%,403,360,403,605,538,403,403,403,360,538,538,336,"504,00","1 210,00","1 210,00","941,00","980,00","1 190,00","1 680,00","2 261,95","2 106,00","1 944,00","2 185,75","2 217,60","2 072,00","1 848,00",,,-202,
81,Овощи,,51,Огурцы Рава,кг,,,стоп,,00000000058,Сетка-рукав,,"1,00",,стоп,1100,1065,1080,1280,1000,1000,700,1100,700,650,700,700,200,400,400,400,300,300,300,280,450,450,,,,,,885,,,500,439,350,439,450,529,485,500,435,,545,,,,,,,,170,25%,0,12%,0,0,0,631,631,392,367,403,375,367,#VALUE!,582,"403,00","941,00","941,00","874,00","941,00","941,00","1 344,00","1 232,00","1 408,00","1 188,00","1 312,08","1 355,20",,,,,-631,
82,Сухофрукты,,199,Орех пекан очищенный,кг,,,стоп,,00000000471,,,,,0,0,0,0,0,7500,7500,,,,,,,,,,,,,,,,,,,,,,,,,,,,,,,,,,,,,,,,,,,0,20%,0,12%,0,0,0,0,0,0,0,"0,00",0,"0,00","0,00","0,00","0,00","0,00","0,00","0,00","0,00",,"9 660,00","9 660,00",,"0,00","0,00","0,00","0,00","0,00",,,0,
83,Фрукты,,218,"Папайя, шт",шт,,,стоп,,УТ-00000201,,,,,,,,,,,1250,,,,1200,1200,,,,,,,,,,1000,,,,,,"2 000,00",,,,1500,,,,,,,,,3000,,,,,,,,,1000,30%,0,12%,0,0,0,0,1456,0,0,"0,00",0,"0,00","0,00","0,00","0,00","0,00","1 546,00","1 546,00","0,00",,"1 610,00",,,,,,,,,,-1456,
84,Овощи,,96,Перец Ласточка зеленые,кг,,,,,00000000060,Сетка-рукав,,"0,50",,#REF!,2100,2100,1500,1800,2300,2300,1400,2200,2500,2200,2200,1800,1200,1200,1100,,850,550,600,450,450,400,450,350,,"2 500,00","1 800,00",,,,1400,,1200,,1500,1805,1265,700,1265,,490,1700,495,,469,500,495,650,50,22%,549,12%,615,549,615,560,631,631,793,727,671,1 123,1 123,1 586,"1 586,00","2 318,00","2 834,00","2 834,00","3 220,00","1 804,00","2 963,00","2 833,60","1 980,00","1 650,00","2 587,20","2 587,20","2 744,00","1 545,60",,,55,
85,Овощи,,123,Перец Ласточка красные,кг,,Узбекистан,,,00000000313,Сетка-рукав,,"0,50",,#REF!,2300,2100,1500,1800,2300,2300,1500,2200,2500,,2200,,,,2100,,1800,1600,1500,1100,950,850,900,650,,"2 500,00",,,,,2500,,,,1800,,,1600,,,,2500,,,,1300,,1300,50,22%,1098,12%,1230,1098,1230,1191,1331,1540,1 982,"2 115,00",1 952,"2 379,00","2 379,00","2 775,00","0,00","0,00","2 834,00","0,00","3 220,00","1 932,00","2 963,00","2 833,60","1 980,00","1 650,00","2 587,20","2 833,60","2 744,00","1 545,60",,,39,
86,Овощи,,100,Перец полугорький зеленый,кг,,,,,00000000061,Сетка-рукав,,"0,50",,#REF!,1400,1400,1400,1400,1300,1200,1200,1200,1200,1200,1200,1200,1200,1200,1200,,850,850,900,900,800,1000,750,400,"1 300,00","1 800,00","2 200,00",1749,1500,1749,2000,2235,1500,1505,1200,,1239,,1479,1505,,1800,1655,,1445,1200,665,1200,-250,25%,938,12%,1051,938,1051,1366,1093,1230,1 230,1 114,1 063,1 114,1 114,1 572,"1 572,00","1 505,00","1 546,00","1 546,00","1 546,00","1 546,00","1 546,00","1 601,60","1 540,00","1 540,00","1 724,80","1 724,80","1 724,80","1 724,80",,,-315,
87,Овощи,,101,Перец полугорький красный,кг,,,,,00000000063,Сетка-рукав,,"0,50",,#REF!,1400,1400,1400,1400,1300,1200,1200,1200,1200,1200,1200,1200,1200,1200,1200,,850,850,900,900,800,1000,800,800,,"1 800,00","2 200,00",1749,1500,1749,2000,2235,1900,1505,1200,1329,1239,,1479,,1505,1800,1655,,1565,1500,,1500,-200,25%,1000,12%,1120,1000,1120,1366,1093,1230,1 230,1 114,1 063,1 114,1 114,1 572,"1 572,00","1 505,00","1 546,00","1 546,00","1 546,00","1 546,00","1 546,00","1 601,60","1 540,00","1 540,00","1 724,80","1 724,80","1 724,80","1 724,80",,,-246,
88,Овощи,,97,Перец светофор желтый,кг,,Китай,,,00000000232,Cast пакет,,"0,22",,#REF!,1335,1000,1800,1600,1600,1500,1500,2200,2800,1300,1350,1200,1340,1100,1100,,800,750,700,875,665,1000,1100,1200,,"2 800,00","1 500,00",2185,1300,1985,1500,1405,1000,1305,1200,,1165,1000,1299,1200,1145,2600,1429,,1985,2000,1595,2200,100,33%,1463,12%,1639,1463,1639,1490,990,1244,996,1 008,998,1 075,1 075,1 478,"1 801,00","1 613,00","1 814,00","1 747,00","3 669,00","1 966,00","1 966,00","2 060,80","1 840,00","2 070,00","1 288,00","1 659,67","1 663,20","1 663,20",,,149,
89,Овощи,,92,Перец светофор зеленый,кг,,Китай,,,00000000230,Cast пакет,,"0,22",,#REF!,1335,1000,1800,1600,1600,1500,1500,2200,2800,1300,1350,1200,1340,1100,1100,,800,750,700,875,665,1000,1100,1200,,"2 800,00",,2185,1300,1985,1500,1405,1000,1305,1200,1205,1165,1000,1299,1200,1145,2600,1505,,1985,2000,1595,2200,100,33%,1463,12%,1639,1463,1639,1490,990,1244,996,1 008,998,1 075,1 075,1 478,"1 801,00","1 613,00","1 814,00","1 747,00","3 669,00","1 966,00","1 966,00","2 060,80","1 840,00","2 070,00","1 288,00","1 659,67","1 663,20","1 663,20",,,149,
90,Овощи,,99,Перец светофор красный,кг,,Китай,,,00000000231,Cast пакет,,"0,22",,#REF!,1335,1000,1800,1600,1600,1500,1500,2200,2150,1300,1250,1200,1170,1050,1050,,800,750,700,875,665,1000,1100,1000,,"2 800,00",,2185,1300,1985,1500,1405,1000,1285,1200,1205,1165,1000,1299,1200,1145,2600,1505,,1985,2000,1595,2200,100,33%,1463,12%,1639,1463,1639,1490,990,1244,996,1 008,998,1 075,1 075,1 411,"1 572,00","1 613,00","1 680,00","1 747,00","2 818,00","1 966,00","1 966,00","2 060,80","1 840,00","2 070,00","1 288,00","1 659,67","1 663,20","1 663,20",,,149,
91,Овощи,,98,Перец светофор оранжевый,кг,,,стоп,,,,,,,0,0,0,0,0,,,,,,,,,,,,,,,,,,,,,,,,,,,1500,,,,1500,,,,,,,,,,,,,,0,20%,0,12%,0,0,0,0,0,0,0,"0,00",0,"0,00","0,00","0,00","0,00","0,00","0,00","0,00","0,00",,"0,00","0,00",,"0,00","0,00","0,00","0,00","0,00",,,0,
92,Овощи,,,Перец чили зеленый мелкий,кг,,,стоп,,,,,,,0,0,0,0,0,,,,,,,,,,,,,,,,,2000,2200,,,,"6 000,00",,,,,3500,,3700,,4500,,,,,,,3000,,,,4000,,4500,2000,25%,0,12%,0,0,0,3080,2800,0,0,"0,00",0,"0,00","0,00","0,00","0,00","0,00","0,00","0,00","0,00",,"0,00","0,00",,"0,00","0,00","0,00","0,00","0,00",,,-2800,
93,Овощи,,216,Перец чили красный крупный,кг,,,,7259,БК000000290,,,,,0,0,0,0,0,,,,,,,,,,,,,,,,0,3000,,2000,2000,,"3 000,00",,,,,4000,,,,4700,,,,,3600,,3000,,,,4000,,4000,3000,27%,2540,12%,2845,2540,2845,0,4200,0,0,"0,00",0,"0,00","0,00","0,00","0,00","0,00","0,00","0,00","0,00",,"0,00","0,00",,"0,00","0,00","0,00","0,00","0,00",,,-1355,
94,Овощи,,98,Перец чили красный мелкий,кг,,Китай,стоп,,00000000065,Коррекс,,"0,10",,#REF!,3000,2800,2800,2500,2500,2500,2500,5000,5000,2500,2500,2500,2500,2500,2500,,2500,2500,2500,2500,2800,2800,2800,,"5 000,00","6 000,00","4 000,00",3455,,,3500,,,3895,5000,3895,,,4925,3500,4925,4500,3605,,3485,5000,3005,5000,0,27%,3556,12%,3983,3556,3983,3983,3983,3556,3 556,3 360,3 175,3 360,3 360,3 360,"3 360,00","3 500,00","3 360,00","3 360,00","6 720,00","3 360,00","3 360,00","2 996,00","2 675,00","2 996,00","3 355,52","3 528,00","2 576,00","2 094,40",,,0,
95,Фрукты,,171,Персик нектарин,кг,,Чили,,,УТ-00000212,,,,,,,,,,,,,1350,,1900,1900,1900,1340,950,950,,850,850,800,700,550,550,500,500,,,,2875,,2419,,1655,,1565,,1509,1445,1200,1165,,915,,1259,,2585,1400,699,1400,-50,30%,650,12%,728,650,728,801,801,1019,1 165,1 191,1 105,1 191,1 331,1 331,"1 876,00","2 660,00","2 660,00","2 660,00","0,00",,,,,,,,,,,,-73,
96,Фрукты,,212,Питахайя,шт,,,,,УТ-00000154,,,,,0,0,0,0,1200,1200,1100,1100,1100,1100,1100,1100,1100,1100,1100,1100,,1100,1100,1100,1100,1000,1000,1000,1000,,"1 500,00","2 000,00",3279,1500,3279,,3279,1500,3279,1200,,2585,1300,2585,1200,,1500,,,,1500,,1500,0,40%,1400,12%,1568,1400,1568,1568,1568,1725,1 725,1 540,1 540,1 540,1 540,1 540,"1 540,00","1 540,00","1 478,00","1 478,00","1 478,00","1 479,00","1 479,00","1 612,80","1 440,00","0,00","0,00","0,00","0,00","0,00",,,0,
97,Фрукты,,202,Помело желтый,шт,,,стоп,,УТ-00000193,шт,7,"1,00",,710,750,925,1000,900,900,900,900,900,750,900,,,,,,,,,,,,,,,,,"1 690,00",,1500,,,,,,,,,,,,,,,,,,,,0,40%,0,12%,0,0,0,0,0,0,0,"0,00",0,"0,00","0,00","0,00","0,00","0,00","0,00","1 411,00","1 176,00","1 160,00","1 160,00","1 108,80","990,00","1 100,00","1 139,60","966,00",,,,,0,
98,Фрукты,,,Помело красный Тайланд,шт,,Тайланд,стоп,,УТ-00000167,,,,,0,0,0,0,0,,,,,,,,,,,,,,,,,,,,,,,"1 950,00",,,,,1845,,,,,,,,,,,,,,,,,0,40%,0,12%,0,0,0,0,0,0,0,"0,00",0,"0,00","0,00","0,00","0,00","0,00","0,00","0,00","0,00",,"0,00","0,00",,"0,00","0,00","0,00","0,00","0,00",,,0,
99,Овощи,,104,Помидоры красные тепличные,кг,,Казахстан,,,УТ-00000027,Коррекс-сетка,,"1,00",,#REF!,850,742,1000,1070,1100,1050,1300,1400,1450,1000,850,900,800,800,800,,550,400,300,420,450,400,350,350,,"1 400,00","1 100,00",1299,,1299,1000,1115,,1055,600,799,715,450,532,450,639,600,565,,475,500,465,650,-50,25%,438,12%,491,438,491,560,631,557,428,538,500,684,996,996,"996,00","1 109,00","1 047,00","1 232,00","1 786,00","1 602,00","1 294,00","1 355,20","1 177,00","1 100,00","914,14","999,60","884,80","924,00",,,-69,
100,Овощи,,55,Помидоры на ветке,кг,,Казахстан,стоп,,00000000067,Коррекс-сетка,,"1,00",,650,750,680,930,980,1000,1000,1300,1400,1400,1200,1100,2200,900,650,650,,550,420,300,380,450,350,250,,,"2 000,00","1 500,00",1385,1000,1245,,1115,800,905,600,719,699,500,475,450,575,650,595,,469,550,455,600,70,30%,325,12%,364,325,364,510,631,543,459,564,546,702,911,911,"1 159,00","2 834,00","1 417,00","1 546,00","1 803,00","1 675,00","1 288,00","1 232,00","1 078,00","1 023,00","837,76","924,00",,,,,-267,
101,Овощи,,102,Помидоры розовые,кг,,Казахстан,,,00000000069,Коррекс-сетка,,"1,00",,#REF!,1400,1100,1452,1600,1450,1250,1600,1600,1600,1700,1700,1300,1200,900,900,,900,650,600,600,550,500,450,450,,"1 700,00","2 500,00",2175,1400,2079,1400,1395,1200,1245,1500,1119,889,700,889,1500,800,700,639,,669,800,625,800,-50,30%,585,12%,655,585,655,728,801,874,874,946,845,1 310,1 310,1 310,"1 546,00","1 674,00","2 190,00","2 190,00","2 061,00","2 061,00","1 610,00","1 786,40","1 760,00","1 597,20","1 355,20","1 646,40","1 411,20","1 232,00",,,-73,
102,Овощи,,79,Помидоры черри желтые,кг,,,стоп,,00000000071,Коррекс,,"0,50",,#REF!,3000,3000,3000,3000,3000,3000,,,,,,,,,,,1500,1500,1500,1500,1800,1500,,,,"3 500,00","2 800,00",,,,,,,,,,,,,,,2500,2285,,2285,,,,300,25%,0,12%,0,0,0,2100,2460,2050,2 050,"1 932,00",1 875,"1 932,00","0,00","0,00","0,00","0,00","0,00","0,00","0,00",,"3 864,00","3 696,00","3 300,00","3 300,00","3 696,00","3 528,00",,,,,-2460,
103,Овощи,,143,Помидоры черри красные Китай,кг,,Китай,стоп,7266,БК000000230,Коррекс,,"0,50",,#REF!,1250,1125,1125,1050,1125,1125,1350,1600,1600,1500,1500,2000,1700,870,870,,1000,1000,950,950,1000,1000,950,,,"1 500,00","2 000,00",,,1595,,1595,,,,,1985,,,,,1300,,,1045,1500,,1800,-50,30%,1235,12%,1383,1235,1383,1456,1456,1394,1 394,1 400,1 300,1 275,1 110,1 110,"2 168,00","2 300,00","1 932,00","1 932,00","2 061,00","1 739,00","1 449,00","1 386,00","1 155,00","1 237,50","1 386,00","1 512,00","1 512,00","1 232,00",,,-73,
104,Овощи,,105,Помидоры черри красные на ветке,кг,,,стоп,,00000000029,Коррекс,,"0,50",,#REF!,3500,2100,2900,2200,2200,2200,,,1400,2200,2200,2200,2200,2200,2200,,,1200,0,,1200,800,700,,,"2 700,00",,,,,,,2500,,,,1299,,1065,,1065,2400,965,,855,1200,,1500,-100,30%,910,12%,1019,910,1019,1165,1747,0,0,1 747,1 560,0,3 203,3 203,"3 203,00","3 203,00","3 203,00","3 203,00","2 038,00",,"2 834,00","2 833,60","2 530,00","3 335,00","2 704,80","4 116,00",,,,,-146,
105,Овощи,Зелень от Жаке,93,Редис (в пучке),пуч,"0,1кг",,,,УТ-00000180,,,,,0,0,0,0,0,,250,280,300,300,290,300,200,220,230,230,,200,200,180,200,400,500,300,150,,"400,00",,365,,,250,,450,,250,,,400,,500,,700,,,,500,,350,-200,25%,375,12%,420,375,420,700,538,245,220,269,250,245,309,309,"296,00","269,00","386,00","374,00","386,00","361,00","322,00","0,00",,"0,00","0,00","0,00","0,00","0,00",,,-280,
106,Овощи,,108,Редис весовой,кг,,Узбекистан,стоп,,УТ-00000020,Сетка-рукав,,"0,50",,#REF!,1300,1600,1000,1000,2200,2200,2300,,800,550,550,500,200,150,150,,150,150,350,350,1000,1000,,,,,"500,00",,400,365,700,365,500,379,500,379,369,450,375,,375,1200,1925,,1161,500,445,300,650,25%,0,12%,0,0,0,1400,1400,491,491,211,188,211,211,211,"258,00","644,00","709,00","709,00","1 030,00",,"2 834,00","2 587,20","1 050,00","1 050,00","1 881,60","1 557,92","1 568,00",,,,-1400,
107,Грязь,,109,Редька,кг,,,,,00000000074,шт,,"0,40",,#REF!,250,250,250,250,250,180,180,180,180,180,180,180,180,180,180,,220,250,250,160,150,200,170,170,"250,00",,"300,00",305,,335,350,345,450,345,300,345,,,,400,,350,,,,,,250,-30,20%,204,12%,228,204,228,269,202,215,336,336,300,296,242,242,"242,00","242,00","232,00","232,00","232,00","232,00","232,00","308,00","275,00","275,00","308,00","308,00",,"184,80",,,-41,
108,Овощи,,110,Редька Дайкон,кг,,,стоп,,00000000075,шт,,"0,40",,#REF!,400,400,400,400,400,850,900,900,750,750,750,550,550,,,,,,,,400,,,,,"800,00",,,,,,625,650,469,800,399,,,469,,579,,579,,,,,,400,20%,0,12%,0,0,0,0,538,0,0,"0,00",0,"0,00","0,00","0,00","739,00","739,00","967,00","967,00","967,00","1 160,00","1 095,00","515,20","460,00","460,00","515,20","515,20",,,,,-538,
109,Зелень,,141,Розмарин,кг,,,стоп,,00000000173,,,,,0,0,0,0,0,9000,9000,9000,10000,9000,9000,9000,5000,,8000,8000,,,,8000,8000,8500,8500,8500,,,,,,,709,13000,,6000,,10000,,13000,,,,,,,,,,,11000,0,30%,11050,12%,12376,11050,12376,12376,12376,11648,11 648,0,0,0,10 304,10 304,"0,00","6 440,00","11 592,00","11 592,00","11 592,00","11 592,00","11 592,00","11 088,00",,"0,00","0,00","0,00","0,00","0,00",,,0,
110,Зелень,,156,"Ростки сои, упак (0,7кг)",упак,,,,,УТ-00000024,,,,,0,0,0,0,0,1000,1000,1000,1000,1000,1000,1000,1000,1000,1000,1000,,1000,1000,1000,1000,1000,1000,1000,1000,,,"1 000,00",,,,,,,,,,,,,,,,,,,,,,0,15%,1150,12%,1288,1150,1288,1288,1288,1288,1 288,1 288,1 150,1 288,1 288,1 288,"1 288,00","1 288,00","1 288,00","1 288,00","1 288,00","1 288,00","1 288,00","0,00",,"0,00","0,00","0,00","0,00","0,00",,,0,
111,Овощи,,85,Салат Айсберг,кг,,,,,00000000177,Cast пакет,,"0,42",,,,900,700,800,1000,1200,900,900,900,900,1200,1200,700,900,800,,800,350,300,300,300,300,300,550,,"1 500,00","1 000,00",1835,1500,1005,1000,1005,900,565,,559,435,,435,,445,350,320,,355,1200,168,,0,25%,375,12%,420,375,420,437,437,437,437,510,438,1 165,1 165,1 310,"1 019,00","1 546,00","1 546,00","1 159,00","1 159,00","1 160,00","1 546,00","1 288,00","920,00","805,00","1 159,20",,,,,,-17,
112,Грязь,,116,Свекла,кг,,Павлодар,,,00000000078,шт,,"0,25",,#REF!,200,250,250,250,230,230,240,250,260,260,260,250,240,220,220,,240,220,150,150,120,150,150,,,,"400,00",305,,305,600,305,400,339,300,279,,,,400,,300,,,,,179,300,0,30%,195,12%,218,195,218,218,175,218,218,288,286,315,288,288,"315,00","323,00","335,00","335,00","335,00","310,00","297,00","283,36","275,00","275,00","308,00","246,40","252,00","246,40",,,0,
113,Фрукты,,,Персик желтый,кг,,Чили,стоп,,,,,,,,,,,,,,,1900,,1900,1900,1900,,,,,,,1400,,650,,,,,,,,,,,,,,,,,,,,,,,,,,,,650,25%,0,12%,0,0,0,0,911,0,1 960,"0,00",0,"0,00","0,00","0,00","0,00","2 660,00","2 660,00","2 660,00","0,00",,,,,,,,,,,,-911,
114,Фрукты,,172,Слива красная,кг,,Чили,,,УТ-00000208,Коррекс-сетка,,"1,00",,,,,,,,,,1600,,1900,1900,2225,2115,2200,2200,,1300,550,550,550,550,450,550,550,,,,,,,,2799,,,1500,,2389,1000,,,,800,699,,669,800,895,800,100,25%,688,12%,771,688,771,631,771,771,771,771,688,1 820,3 080,3 080,"2 961,00","3 115,00","2 660,00","2 660,00","0,00",,,,,,,,,,,,140,
115,Зелень,,147,"Спаржа свежая, упак",упак,"0,45кг",,,,00000000317,,,,,0,0,0,0,0,,5000,5000,5000,5000,5500,5500,5500,5500,5500,5500,,5500,5500,5500,5500,8000,8000,8000,,,,,,,,,10269,,,,10200,,8000,,,10445,,,,,10000,5157,10000,0,20%,9600,12%,10752,9600,10752,10752,10752,7392,7 084,7 084,6 600,7 084,7 084,7 084,"7 084,00","7 084,00","7 084,00","7 084,00","6 440,00","6 440,00","6 440,00","0,00",,"0,00","0,00","0,00","0,00","0,00",,,0,
116,Зелень,,150,Тимьян,кг,,,,7329,00000000182,,,,,,,,,,9000,10000,10000,10000,9000,9000,9000,9000,,8000,8000,,,10000,8000,8000,8500,8500,8500,,,"15 000,00","10 000,00",,,,,,,,10000,,,13000,,,,,,,,12000,,12000,0,30%,11050,12%,12376,11050,12376,12376,12376,11648,11 648,12 880,13 000,10 304,10 304,10 304,"0,00","11 592,00","11 592,00","11 592,00","11 592,00","12 880,00","12 880,00","11 088,00",,,,,,,,,0,
117,Грязь,,117,Тыква обычная,кг,,,,,00000000080,шт,,"7,00",,#REF!,130,150,160,160,160,130,130,150,200,400,400,460,470,470,550,,700,500,500,500,550,550,550,550,,,,,850,,300,,1000,,1000,,,1500,,,,700,,,805,,795,900,0,20%,660,12%,739,660,739,739,739,672,672,672,600,941,739,632,"606,00","592,00","515,00","515,00","258,00","168,00","168,00","197,12","176,00","176,00","184,80","167,44","156,80","257,60",,,0,
118,Грязь,,201,Тыква Японка,кг,,,,,00000000081,шт,,"2,50",,#REF!,285,320,330,330,280,280,370,380,380,400,400,460,470,470,550,,700,500,0,,600,600,600,550,,,"800,00",,,,,,1500,,,,,,,,,,,,,1000,,1000,0,20%,720,12%,806,720,806,806,806,0,0,672,600,941,739,632,"632,00","592,00","515,00","515,00","489,00","477,00","361,00","344,96","363,00","363,00","376,32","335,16","268,80","246,40",,,0,
119,Фрукты,,190,Хурма шоколадная,кг,,,стоп,,00000000341,Коррекс-сетка,,"1,00",,#REF!,400,500,,,,,,,,,,,,,,,,,,,,,,,,,,,,,,,,,,,,,,,,,,,,,,,0,15%,0,12%,0,0,0,0,0,0,0,"0,00",0,"0,00","0,00","0,00","0,00","0,00","0,00","0,00","0,00",,"0,00","0,00","0,00","0,00","644,00","672,00",,"772,80",,,0,
120,Овощи,,121,Цукини,кг,,,стоп,,00000000340,Сетка-рукав,,"1,00",,#REF!,7300,7300,,,8500,8500,,,,,,,,,,,,,,,,,,,,,,,,,,,,,,,,,,,,,,,,,,,0,15%,0,12%,0,0,0,0,0,0,0,"0,00",0,"0,00","0,00","0,00","0,00","0,00","0,00","0,00","0,00",,"10 948,00","10 472,00","0,00","0,00","8 993,60","8 993,60",,,,,0,
121,Грязь,,120,Чеснок свежий,кг,,Китай,,,00000000083,шт,,"0,08",,#REF!,830,1000,1000,1000,1200,1200,1200,1200,1200,950,950,950,900,900,900,,900,800,500,500,450,450,400,400,,,"2 000,00",1669,,1669,2000,1669,1100,2089,350,1029,2165,1000,649,,615,600,649,,649,1500,493,600,-50,20%,480,12%,538,480,538,605,605,672,672,1 075,960,1 210,1 210,1 210,"1 210,00","1 224,00","1 224,00","1 224,00","1 546,00","1 546,00","1 546,00","1 545,60","1 150,00","1 150,00","1 288,00","1 069,04","1 108,80","1 232,00",,,-67,
122,Овощи,,119,Чеснок чищенный,кг,,,,,00000000279,,,,,,,,,,,,,1000,1000,1000,1000,1000,,,,,,1000,1300,1300,1200,1200,1200,900,,,"1 500,00",,,,,,,,,,,,,,,2500,,,,2500,,2500,0,25%,1500,12%,1680,1500,1680,1680,1680,1820,1 820,"1 400,00",1 250,"0,00","0,00","0,00","0,00","1 400,00","1 400,00","1 400,00","1 400,00",,,,,,,,,,,,0,
123,Фрукты,,213,Яблоки Айдарет,кг,,Польша,,,УТ-00000194,,,,,0,0,0,0,0,,500,500,600,550,550,,,,,,,600,500,500,550,550,,,540,,"650,00",,,,,,,900,,,,,,,,,,,,,900,775,900,0,25%,0,12%,0,0,0,0,771,771,700,"644,00",625,"773,00","0,00","0,00","0,00","0,00","0,00","678,00","678,00","616,00","616,00","0,00",,"0,00","0,00","0,00","0,00","0,00",,,-771,
124,Фрукты,,173,Яблоки Гренни Смит,кг,,Аргентина,,,00000000146,Сетка-рукав,,"1,00",,#REF!,600,600,600,800,600,600,600,780,780,780,780,780,1000,850,850,,850,1000,1000,1100,1000,1000,1000,900,,,"800,00",1035,,1035,1200,1035,950,1035,1000,,,1100,,1200,1119,850,1119,,,1000,1205,1000,0,25%,1250,12%,1400,1250,1400,1400,1400,1540,1 400,1 344,1 250,1 142,1 142,1 142,"1 288,00","1 048,00","1 048,00","1 048,00","1 005,00","773,00","773,00","739,20","880,00","660,00","739,20","739,20","716,80","677,60",,,0,
125,Фрукты,,174,Яблоки Золотое Превосходное,кг,,Польша,,,00000000148,Сетка-рукав,,"1,00",,#REF!,500,400,400,420,420,540,550,550,550,500,450,450,450,450,450,,450,450,550,550,550,600,580,580,,"800,00","590,00",,,665,800,,950,,600,,,600,,900,,,,,,650,,650,-20,20%,696,12%,780,696,780,806,739,739,673,595,540,542,542,542,"542,00","495,00","554,00","644,00","709,00","709,00","696,00","540,96","483,00","460,00","470,40","588,00","582,40","560,00",,,-26,
126,Фрукты,,175,Яблоки Красные Американка,кг,,Польша,стоп,,00000000149,Сетка-рукав,,"1,00",,#REF!,480,420,400,420,420,600,600,600,550,550,450,450,450,450,450,,450,450,450,500,600,550,550,,,"800,00","590,00",665,,665,,645,900,,,645,,600,,900,,,,,,800,,800,0,25%,688,12%,771,688,771,771,840,700,574,595,563,542,542,542,"542,00","495,00","554,00","709,00","739,00","807,00","807,00","564,48","504,00","480,00","493,92","564,48","560,00","560,00",,,0,
127,Грязь,,,"Картофель Израиль, 3кг упак",упак,3кг,Израиль,стоп,,,,,,,,,,,,,,,,2000,2000,,,,,,,,,,,,,,,,,,,,,,,,,,,,,,,,,,,,,,,0,20%,0,12%,0,0,0,0,0,0,0,"0,00",0,"0,00","0,00","0,00","0,00","0,00","0,00","2 688,00","2 688,00",,,,,,,,,,,,0,
128,Зелень,,142,"Ромейн, упак",упак,,,стоп,,00000000174,  ,,,,,,,,,,,,,3300,3300,3300,3300,3300,3300,3300,,3300,3300,3300,3300,3300,,,,,,,,,,,,,,,,,,,,,,,,,,,,0,25%,0,12%,0,0,0,0,4620,4620,4 620,4 435,4 125,4 435,4 435,4 435,"4 435,00","4 435,00","4 435,00","4 435,00","4 435,00",,,,,,,,,,,,-4620,
129,Зелень,,153,"Салат Фризе, упак",упак,,,стоп,,00000000617,упак,,"0,45",,,,,,,,,,,3500,3500,3500,3500,3500,3500,3500,,3500,3500,3500,3500,3500,3500,,,"4 000,00",,"3 000,00",,,,,,,,2000,,,,,,,,,,,,,12000,0,25%,0,12%,0,0,0,4900,4900,4900,4 900,4 704,4 375,4 704,4 704,4 704,"4 704,00","4 704,00","4 704,00","4 704,00","4 704,00",,,,,,,,,,,,-4900,
130,Зелень,"ИП ""ЕЛЬНУР""",146,Стебли сельдерея,кг,,,,,УТ-00000014,упак,,"0,70",,,,,,,,,,,1100,1100,1200,1200,1200,1200,1200,,1200,1250,1250,1250,1400,1400,1400,1100,,,"1 500,00",1434,1200,2125,,1419,,,,,,,1805,,,2000,1765,,,2500,1745,2200,0,23%,1722,12%,1929,1722,1929,1929,1929,1569,1 569,1 680,1 538,1 469,1 613,1 613,"1 613,00","1 613,00","1 613,00","1 478,00","1 478,00",,,,,,,,,,,,0,
131,Фрукты,,,Яблоки Чемпион,кг,,,стоп,,,,,,,,,,,,,,,,550,550,,,,,,,,,550,550,,,,,,,,,,,,,,,,,,,,,,,,,,,,,-550,15%,0,12%,0,0,0,0,0,709,709,"0,00",0,"0,00","0,00","0,00","0,00","0,00","0,00","709,00",,,,,,,,,,,,,0,
132,Фрукты,,223,Яблоки Гала,кг,,,стоп,,УТ-00000209,,,,,,,,,,,,,,550,550,450,450,450,450,450,,450,450,500,550,,,,,,,,,,,,,,,,,,,,900,,,,,,800,,800,-550,18%,0,12%,0,0,0,0,0,727,602,595,531,542,542,542,"542,00","495,00","554,00","709,00",,,,,,,,,,,,,0,
133,Фрукты,,224,Яблоки Семеренко,кг,,,стоп,,УТ-00000215,,,,,,,,,,,,,,400,390,390,390,400,400,400,,,,,,,,,,,,"1 000,00",,,,1000,,,,,,,800,,,,,,,,1000,,,0,20%,0,12%,0,0,0,0,0,0,0,0,0,0,480,480,"480,00","503,00","503,00","503,00",,,,,,,,,,,,,0,
134,Фрукты,AmalBio,225,Яблоки Фуджи,кг,,,стоп,,БК000000150,,,,,,,,,,,,,,,,450,450,450,,,,450,,,,,,,,,,,585,,645,800,599,1000,599,,649,649,,604,,649,,,,649,,,,0,18%,0,12%,0,0,0,0,0,0,0,"0,00",0,"542,00","0,00","0,00","459,00","495,00","554,00",,,,,,,,,,,,,,0,
135,Грязь,,229,Картофель молодой,кг,,,стоп,,УТ-00000213,Сетка-рукав,,"1,00",,,,,,,,,,,,900,700,550,450,450,450,,300,270,230,230,260,240,160,,,,,919,700,709,,,600,535,400,,379,350,379,,399,350,369,,335,300,,,-80,25%,200,12%,224,200,224,336,364,348,348,357,338,396,595,595,"595,00","709,00","941,00","1 210,00",,,,,,,,,,,,,-112,
136,Зелень,,131,Лола росса,кг,,,,,00000000162,Cast пакет,,"0,10",,,,,,,,,,,,3200,3000,3000,3000,3000,3000,,1600,1000,700,700,900,700,600,600,,,,,,,,,,,1500,,,2000,,,,,,,,,,,-100,35%,810,12%,907,810,907,1098,1411,1176,1 176,1 344,1 350,2 150,4 032,4 032,"4 032,00","4 032,00","4 032,00","4 301,00",,,,,,,,,,,,,-191,
137,Фрукты,,226,Персик мохнатый,кг,,,,,БК000000217,Коррекс-сетка,,"1,00",,,,,,,,,,,,,2100,3000,2500,2500,2500,,2500,2200,1200,1200,650,650,750,700,,,"3 500,00",,,,,3189,,,,,,,1637,,,,1059,,,1200,975,1200,100,30%,975,12%,1092,975,1092,946,946,1747,1 747,2 957,2 860,3 360,3 360,3 360,"3 360,00","4 032,00","2 940,00",,,,,,,,,,,,,,146,
138,Овощи,,228,Капуста молодая,кг,,Узбекистан,стоп,,,,,,,,,,,,,,,,,,270,200,220,220,220,300,240,220,150,100,90,,,,,,,,,,400,,,,,,,,,,,200,,,,,,,-10,35%,0,12%,0,0,0,0,137,151,227,296,297,323,296,296,"283,00","258,00","348,00",,,,,,,,,,,,,,-137,
139,Овощи,,198,Свекла молодая,кг,,,стоп,,,,,,,,,,,,,,,,,,400,350,350,320,320,,350,320,0,,130,130,,,,,,,,,1200,,500,,,,335,,,,,180,170,,135,500,,,130,20%,0,12%,0,0,0,175,175,0,0,430,384,470,430,430,"451,00","451,00","515,00",,,,,,,,,,,,,,-175,
140,Соки натуральные,AmalBio,,"Сок Яблочный прямого отжима 1,5л",упак,"1,5л",,стоп,,,,,,,,,,,,,,,,,,900,900,900,900,900,,900,900,900,900,,,,,,,,,,,,,,,,,,,,,,,,,,,,,-900,25%,0,2%,0,0,0,0,0,1148,1 148,1 109,1 125,1 010,1 010,1 010,"1 010,00","990,00","1 109,00",,,,,,,,,,,,,,0,
141,Овощи,Чингиз,227,Помидоры коктейльные,кг,,,стоп,,УТ-00000027,Коррекс-сетка,,"0,50",,,,,,,,,,,,,1700,1700,1700,1700,1700,,1500,1500,1500,,,,,,,,,,,,,,,,,,,,,,2105,,,,,,1445,,0,25%,0,12%,0,0,0,0,0,0,1 913,2 016,1 875,1 805,2 046,2 046,"2 046,00","1 955,00","2 190,00",,,,,,,,,,,,,,0,
142,Овощи,,230,Свекла с ботвой,пуч ,5шт,,стоп,7265,БК000000164,,,,,,,,,,,,,,,,750,750,1000,1000,1000,,,,,,,,,,,,,,,,,,,,,,,,,,,,,,,,,,0,20%,0,12%,0,0,0,0,0,0,0,0,0,0,1 344,1 344,"1 288,00","967,00","967,00",,,,,,,,,,,,,,0,
143,Овощи,,232,Арбуз,кг,,Узбекистан,,7477,БК000000314,,,,,,,,,,,,,,,,400,450,700,600,600,,400,400,300,150,150,140,130,130,,,"975,00",,,,,,950,,600,,,500,,350,224,500,139,,129,200,155,200,-10,35%,176,12%,197,176,197,212,227,227,454,538,540,538,806,806,"941,00","580,00","515,00",,,,,,,,,,,,,,-15,
144,Фрукты,,233,Киви весовой,кг,,,,7478,00000000132,,,,,,,,,,,,,,,,,1000,1000,1000,1000,,1000,1500,1400,1400,1300,1300,1300,1300,,,,,1500,,,,,,,,,,,,2499,,,,,,,,0,23%,1599,12%,1791,1599,1791,1791,1791,1929,1 929,1 982,1 845,1 322,1 322,1 322,"1 322,00","1 288,00",,,,,,,,,,,,,,,0,
145,Фрукты,,234,Абрикос Китай,кг,,Китай,стоп,7479,БК000000248,,,,,,,,,,,,,,,,,2100,2230,1700,1700,,1100,1100,,950,,,,,,,,,,2419,,,,1745,,1745,,,,,,,,,,,,,-950,20%,0,12%,0,0,0,0,0,1 277,0,1 478,1 320,1 478,2 285,2 285,"2 997,00","2 822,00",,,,,,,,,,,,,,,0,
146,Зелень,,124,Джандо,кг,,,,7337,00000000155,,,,,,,,,,,,,,,,,2800,2800,2500,2500,,2000,1800,1900,,2200,2200,2000,800,,,,,,,,,,,,,,,,,,,,,,,,,-200,40%,2800,12%,3136,2800,3136,3450,3450,0,2 979,2 419,2 520,2 688,3 360,3 360,"3 606,00","3 606,00",,,,,,,,,,,,,,,-314,
147,Грязь,,,Морковь с ботвой шт,шт,,,стоп,,,,,,,,,,,,,,,,,,,750,,,,,,,,,,,,,,,,,,,,,,,,,,,,,,,,,,,,,0,15%,0,12%,0,0,0,0,0,0,0,"0,00",0,"0,00","0,00","0,00","0,00","967,00",,,,,,,,,,,,,,,0,
148,Зелень,,118,Фасоль стручковая,кг,,,стоп,7238,00000000082,,,,,,,,,,,,,,,,,2800,2800,2500,2500,,2500,2500,2500,,600,600,,,,,,,,,,,,,,,,,1325,,1325,,1325,,685,,829,,600,30%,0,12%,0,0,0,874,874,0,3 640,3 360,3 250,3 360,3 360,3 360,"3 606,00","3 606,00",,,,,,,,,,,,,,,-874,
149,Ягоды,,65,Клубника отборная,кг,,,стоп,7480,00000000226,Коррекс,5,"0,20",,,,,,,,,,,,,,3200,2000,2000,2000,,2200,2500,2300,2300,2200,2000,3500,,,,,,1800,,,,,,,,3429,1200,3429,,,,2975,,,,,,1500,25%,4375,12%,4900,4375,4900,2800,3080,3478,3 478,3 640,3 125,2 957,2 688,2 688,"2 688,00","4 122,00",,,,,,,,,,,,,,,2100,
150,Ягоды,,259,Черешня Узбекистан,кг,,,,7481,БК000000165,Коррекс,5,"0,50",,,,,,,,,,,,,,5700,5500,3500,3500,,1700,1700,1600,1300,1400,1600,2000,2300,,,,10839,,5905,,,,2505,,2109,2400,,1785,,2165,,2469,,3185,,3485,,400,25%,2500,12%,2800,2500,2800,2240,1960,1893,2 330,2 475,2 125,2 380,2 380,4 900,"7 084,00","7 342,00",,,,,,,,,,,,,,,560,
151,Фрукты,,260,Ананас Китай,шт,,Китай,стоп,7482,УТ-00000203,,,,,,,,,,,,,,,,,1500,850,850,850,,850,,,,,,,,,,"1 500,00",,1300,,,,,,,,,,,,,,,,,,,,0,30%,0,12%,0,0,0,0,0,0,0,0,0,1 238,1 238,1 238,"1 238,00","2 016,00",,,,,,,,,,,,,,,0,
152,Овощи,,107,Помидоры Новичок желтые,кг,,,стоп,,00000000068,,,,,,,,,,,,,,,,,,1000,1000,1000,,2500,,,,2200,,,,,,,,,,,,,,,,,,,,,,,,,,,,2200,20%,0,12%,0,0,0,0,2957,0,0,0,0,3 360,1 344,1 344,"1 344,00",,,,,,,,,,,,,,,,-2957,
153,Овощи,,200,Помидоры черри черный принц,кг,,,стоп,,00000000412,,,,,,,,,,,,,,,,,,1400,1400,1400,,2500,,1500,1500,2300,1500,,,,,,,,,,,,,,,,,,,,,,,,,,,800,20%,0,12%,0,0,0,2016,3091,2016,2 016,0,0,3 360,1 882,1 882,"1 882,00",,,,,,,,,,,,,,,,-3091,
155,Фрукты,,261,Апельсин Иран,кг,,Иран,стоп,,УТ-00000199,,,,,,,,,,,,,,,,,,650,600,600,,565,570,600,600,570,,,,,,,,,,,,,,,,,,,,,,,,,,,,-30,30%,0,12%,0,0,0,0,830,806,806,766,741,759,806,806,"874,00",,,,,,,,,,,,,,,,-830,
156,Ягоды,,63,"Голубика (125 гр), упак",упак,,,стоп,,00000000089,,,,,,,,,,,,,,,,,,1250,1250,1250,,1250,1250,1250,1300,1200,,,,,,,,,1689,1689,,,,,,1529,,1609,,,,1689,,1689,,,,-100,25%,0,12%,0,0,0,0,1680,1820,1 751,1 680,1 563,1 680,1 680,1 680,"1 680,00",,,,,,,,,,,,,,,,-1680,
157,Овощи,,263,Помидоры красные Узбекистан,кг,,,стоп,7233,УТ-00000027,,,,,,,,,,,,,,,,,,850,850,800,800,650,350,0,,450,,,,,,,,,,,,,,,,,,,,,,,,,,,,450,25%,0,12%,0,0,0,0,631,0,0,491,438,874,1 075,1 142,"1 142,00",,,,,,,,,,,,,,,,-631,
158,Фрукты,,264,Гранат Иран,кг,,,стоп,7483,БК000000201,,,,,,,,,,,,,,,,,,3800,3800,3800,,3800,,2060,2200,2200,2200,2200,,,,,,,,,,,,,,,,,,3365,,3365,,3185,2500,3289,,0,20%,2640,12%,2957,2640,2957,2957,2957,2957,2 769,0,0,5 107,5 107,5 107,"5 107,00",,,,,,,,,,,,,,,,0,
159,Фрукты,,165,Манго Бразилия,шт,,,стоп,,00000000137,,,,,,,,,,,,,,,,,,,800,800,,,,,,,,,,,,,,,,,,,,,,,,,,1359,,1359,,985,,1085,,0,35%,0,12%,0,0,0,0,0,0,0,0,0,0,1 210,1 210,,,,,,,,,,,,,,,,,0,
160,Овощи,Чингиз,106,Помидоры черри красные тепличные,кг,,,,7226,БК000000229,,,,,,,,,,,,,,,,,,,1000,1000,,900,900,0,,2000,900,600,600,,,,,,,,,,,1600,1569,1479,,,,,,,,,,,,-300,20%,720,12%,806,720,806,1210,2688,0,0,1 210,1 080,1 102,1 224,1 224,,,,,,,,,,,,,,,,,-404,
161,Овощи,,278,Лук репчатый крупный,кг,,,,7227,00000000077,,,,,,,,,,,,,,,,,,,240,300,300,320,300,300,200,200,190,190,200,,,,,,,,,,,,,,,,,,,,,,,,,0,22%,232,12%,260,232,260,260,273,273,410,396,366,423,396,317,,,,,,,,,,,,,,,,,0,
162,Фрукты,,59,Дыня Торпеда,кг,,,,7473,БК000000241,,,,,,,,,,,,,,,,,,,,,,1200,500,300,300,350,350,330,300,,,,,,,,,,,,,,,579,,579,,611,,425,600,385,600,-20,35%,446,12%,500,446,500,530,530,487,487,"728,00",675,"1 747,00","0,00",,,,,,,,,,,,,,,,,,-30,
163,Фрукты,,164,Урюк Узбекистан,кг,,Узбекистан,стоп,7416,БК000000242,,,,,,,,,,,,,,,,,,,,,,1500,,,,600,550,,,,,,,,,,,,,,,,,,,,,,,,,,,600,20%,0,12%,0,0,0,739,806,0,0,"0,00",0,"2 016,00",,,,,,,,,,,,,,,,,,,-806,
164,Овощи,,69,"Лук репчатый мелкий, в сетке 2кг",упак,,,стоп,7267,БК000000243,упак,,"2,00",,,,,,,,,,,,,,,,,,,230,230,230,400,340,,,,,,,,,,,,,,,,,,,,,,,,,,,,-60,20%,0,12%,0,0,0,0,457,538,618,"309,00",618,"578,00",,,,,,,,,,,,,,,,,,,-457,
165,Фрукты,,283,Яблоки Белый налив,кг,,,стоп,7491,БК000000253,Сетка-рукав,,"1,00",,,,,,,,,,,,,,,,,,,,500,0,600,550,450,,,,,,,,,,,,,,,,,,,725,,925,,,,,,-50,20%,0,12%,0,0,0,605,739,806,0,"672,00",600,,,,,,,,,,,,,,,,,,,,-739,
166,Фрукты,,284,Яблоки Столовка,кг,,,стоп,7492,БК000000254,Сетка-рукав,,"1,00",,,,,,,,,,,,,,,,,,,,750,600,600,800,650,,,,,,,,,,,,,,,,,,,725,,929,,965,,,,200,25%,0,12%,0,0,0,911,1120,853,853,"1 008,00",938,,,,,,,,,,,,,,,,,,,,-1120,
167,Фрукты,,56,Абрикос Лола,кг,,,стоп,7486,БК000000247,Коррекс,5,"0,50",,,,,,,,,,,,,,,,,,,,600,600,,,,650,,,,,,,,,,,,,,,,,,,,,,,,715,,0,20%,780,12%,874,780,874,0,0,0,806,"806,00",720,,,,,,,,,,,,,,,,,,,,874,
168,Фрукты,,279,Абрикос Лола гладкий,кг,,,стоп,7487,БК000000249,Коррекс,5,"0,50",,,,,,,,,,,,,,,,,,,,600,600,600,,550,,,,,,,,,,,,,,,,,,,,,,,,,,,-600,25%,0,12%,0,0,0,771,0,840,840,"806,00",750,,,,,,,,,,,,,,,,,,,,0,
169,Фрукты,,280,Абрикос Шалах,кг,,,,7488,БК000000250,Коррекс,5,"0,50",,,,,,,,,,,,,,,,,,,,1000,600,600,600,600,650,650,,,,,,,,,,,,,,,,,,,,,,,,,50,25%,813,12%,911,813,911,840,840,840,840,"1 344,00",1 250,,,,,,,,,,,,,,,,,,,,71,
170,Фрукты,,281,Персик инжир,кг,,,,7489,БК000000251,Коррекс,5,"0,50",,,,,,,,,,,,,,,,,,,,2150,1200,1400,1200,1200,1200,1200,,,,,,,,,,,,,3300,,1985,,,,,,,,1899,,0,50%,1800,12%,2016,1800,2016,2016,2016,2666,2 285,"2 890,00",3 225,,,,,,,,,,,,,,,,,,,,0,
171,Ягоды,,282,Малина,кг,,,,7490,БК000000252,Коррекс,5,"0,15",,,,,,,,,,,,,,,,,,,,2600,2600,,,2600,1600,1600,,,,,,,,,,,,,,,,,,,,,,,3065,,-1000,40%,2240,12%,2509,2240,2509,4077,0,0,4 077,"4 077,00",3 640,,,,,,,,,,,,,,,,,,,,-1568,
172,Овощи,,191,Корень сельдерея,кг,,,стоп,,00000000374,,,,,,,,,,,,,,,,,,,,,,,6000,6000,,4700,,,,,,,,,,,,,,,,,,,,,,,,,,,,4700,20%,0,12%,0,0,0,0,6317,0,8 064,"8 064,00",7 200,,,,,,,,,,,,,,,,,,,,-6317,
173,Овощи,,134,"Лук Шалот (250г), упак",упак,,,,,БК000000315,,,,,,,,,,,,,,,,,,,,,,,1500,1600,1600,1600,1600,1600,1600,,,,,,,,,,,,,,,,,,,,,,,,,0,20%,1920,12%,2150,1920,2150,2150,2150,2150,2 150,"2 016,00",1 800,,,,,,,,,,,,,,,,,,,,0,
174,Ягоды,,68,"Смородина (125г), упак",упак,,,,,БК000000316,Коррекс,5,"0,125",,,,,,,,,,,,,,,,,,,,2800,2800,,,,288,225,,,,,,,,,,,,,,,,,,,,,,,344,,0,30%,374,12%,419,374,419,0,0,0,3 826,"3 606,00",3 640,,,,,,,,,,,,,,,,,,,,419,
175,Фрукты,,285,Яблоки Глостер,кг,,,стоп,7493,БК000000265,,,,,,,,,,,,,,,,,,,,,,,,500,550,,550,,,,,,,,,,,,,,,,,,,,,,,765,,,,-550,25%,0,12%,0,0,0,771,0,771,700,"0,00",0,,,,,,,,,,,,,,,,,,,,0,
176,Фрукты,,286,Яблоки Мутсу,кг,,,стоп,7494,БК000000266,,,,,,,,,,,,,,,,,,,,,,,,500,,,,,,,,,,,,,,,,,,,,,,,,,,,,,,0,25%,0,12%,0,0,0,0,0,0,700,"0,00",0,,,,,,,,,,,,,,,,,,,,0,
177,Фрукты,,287,Яблоки Цыганка,кг,,,стоп,7495,БК000000267,,,,,,,,,,,,,,,,,,,,,,,,500,550,650,,,,,,,,,,,,,,,,,,,,,,,,,,,,100,25%,0,12%,0,0,0,0,911,771,700,"0,00",0,,,,,,,,,,,,,,,,,,,,-911,
178,Фрукты,,288,Дыня Лимонка,кг,,,стоп,7496,БК000000268,,,,,,,,,,,,,,,,,,,,,,,,300,250,350,,,,,,,,,,,,,,,,,,,,,,445,,,,,,100,30%,0,12%,0,0,0,0,510,364,437,"0,00",0,,,,,,,,,,,,,,,,,,,,-510,
179,Фрукты,,289,Авокадо Хасс королевские крупные,шт,,,стоп,7497,БК000000269,,,,,,,,,,,,,,,,,,,,,,,,750,,,,,,,,,,,,,,,,,,,,,,,,,,,,,,0,30%,0,12%,0,0,0,0,0,0,1 092,"0,00",0,,,,,,,,,,,,,,,,,,,,0,
180,Фрукты,,290,Груша Аббат,кг,,,стоп,7498,БК000000270,,,,,,,,,,,,,,,,,,,,,,,,1120,1200,,1200,,,,,,,,,,,,,,,,,2165,,2165,,,,2165,,2165,,-1200,35%,0,12%,0,0,0,1814,0,1 814,1 693,"0,00",0,,,,,,,,,,,,,,,,,,,,0,
181,Ягоды,,67,"Малина (125гр), упак",упак,,,стоп,7499,БК000000273,,,,,,,,,,,,,,,,,,,,,,,,3000,3000,3000,,,,,,,,,,,,,,,,,,,,,,,,,,,,0,35%,0,12%,0,0,0,0,4536,4536,4 536,,,,,,,,,,,,,,,,,,,,,,-4536,
182,Ягоды,,291,Клубника местная,кг,,,,74100,БК000000272,,,,,,,,,,,,,,,,,,,,,,,,800,800,1000,1000,1500,,,,,,,,,,,,,,,,,,,,,,,,,,500,35%,2025,12%,2268,2025,2268,1512,1512,1210,1 210,,,,,,,,,,,,,,,,,,,,,,756,
183,Зелень,Зелень от Жаке,265,"Джусай, упак 100гр",упак,,,,7382,БК000000190,,,"0,1",в упаковке 100гр,,,,,,,,,,,,,,,,,,,,"550,00","550,00","55,00","55,00","55,00","60,00",,,,,,,,,,,,,,,,,,,,,,,85,,"0,00",20%,66,2%,67,66,67,67,67,673,646,,,,,,,,,,,,,,,,,,,,7,7,0,
184,Зелень,Зелень от Жаке,266,"Кинза, упак 100гр",упак,,,,7383,БК000000192,,,"0,1",в упаковке 100гр,,,,,,,,,,,,,,,,,,,,"900,00","1 200,00","140,00","140,00","140,00","150,00",,,,,,,,,,,,,,,,,,,,,,,280,,"0,00",20%,168,2%,171,168,171,171,171,1469,1 083,,,,,,,,,,,,,,,,,,,,17,17,0,
185,Зелень,Зелень от Жаке,267,"Листья салата, упак 100гр",упак,,,,7384,БК000000213,,,"0,1",в упаковке 100гр,,,,,,,,,,,,,,,,,,,,"550,00","550,00","55,00","55,00","50,00","70,00",,,,,,,,,,,,,,,,,,,,,,,,,"-5,00",25%,63,2%,64,63,64,70,70,702,702,,,,,,,,,,,,,,,,,,,,6,6,-6,
186,Зелень,Зелень от Жаке,268,"Листья салата Красный, упак 100гр",упак,,,,7385,БК000000212,,,"0,1",в упаковке 100гр,,,,,,,,,,,,,,,,,,,,"900,00","900,00","90,00","90,00","70,00","70,00",,,,,,,,,,,,,,,,,,,,,,,,,"-20,00",20%,84,2%,86,84,86,110,110,1102,1 102,,,,,,,,,,,,,,,,,,,,8,9,-24,
187,Зелень,Зелень от Жаке,269,"Лук зеленый, упак 100гр",упак,,,,7386,БК000000193,,,"0,1",в упаковке 100гр,,,,,,,,,,,,,,,,,,,,"1 000,00","1 000,00","110,00","110,00","100,00","100,00",,,,,,,,,,,,,,,,,,,,,,,,,"-10,00",20%,120,2%,122,120,122,135,135,1224,1 224,,,,,,,,,,,,,,,,,,,,12,12,-13,
188,Зелень,Зелень от Жаке,270,"Мята, упак 100гр",упак,,,,7387,БК000000194,,,"0,1",в упаковке 100гр,,,,,,,,,,,,,,,,,,,,"1 300,00","1 300,00","150,00","150,00","170,00","200,00",,,,,,,,,,,,,,,,,,,,,,,,,"20,00",20%,204,2%,208,204,208,184,184,1591,1 591,,,,,,,,,,,,,,,,,,,,20,21,24,
189,Зелень,Зелень от Жаке,145,"Петрушка кудрявая, упак 100гр",упак,,,,7322,БК000000244,,,"0,1",в упаковке 100гр,,,,,,,,,,,,,,,,,,,,"1 400,00","1 400,00","160,00","160,00","150,00","150,00",,,,,,,,,,,,,,,,,,,,,,,,,"-10,00",20%,180,2%,184,180,184,196,196,1714,1 671,,,,,,,,,,,,,,,,,,,,18,18,-12,
190,Зелень,Зелень от Жаке,271,"Петрушка обычная, упак 100гр",упак,,,,7388,БК000000195,,,"0,1",в упаковке 100гр,,,,,,,,,,,,,,,,,,,,"1 000,00","900,00","90,00","90,00","75,00","75,00",,,,,,,,,,,,,,,,,,,,,,,118,,"-15,00",20%,90,2%,92,90,92,110,110,1102,1 193,,,,,,,,,,,,,,,,,,,,9,9,-18,
191,Зелень,Зелень от Жаке,272,"Руккола, упак 100гр",упак,,,,7389,БК000000196,,,"0,1",в упаковке 100гр,,,,,,,,,,,,,,,,,,,,"1 200,00","1 300,00","150,00","150,00","130,00","130,00",,,,,,,,,,,,,,,,,,,,,,,240,,"-20,00",25%,163,2%,166,163,166,192,192,1658,1 530,,,,,,,,,,,,,,,,,,,,16,17,-26,
192,Зелень,Зелень от Жаке,273,"Зелень сельдерея, упак 100гр",упак,,,,7390,БК000000191,,,"0,1",в упаковке 100гр,,,,,,,,,,,,,,,,,,,,"1 200,00","1 000,00","90,00","90,00","130,00","75,00",,,,,,,,,,,,,,,,,,,,,,,,,"40,00",20%,156,2%,159,156,159,110,110,1224,1 432,,,,,,,,,,,,,,,,,,,,16,16,49,
193,Зелень,Зелень от Жаке,137,"Стрелки чеснока, упак 100гр",упак,,,,7316,БК000000226,,,"0,1",в упаковке 100гр,,,,,,,,,,,,,,,,,,,,"600,00","600,00","60,00","60,00","75,00","75,00",,,,,,,,,,,,,,,,,,,,,,,,,"15,00",20%,90,2%,92,90,92,73,73,734,716,,,,,,,,,,,,,,,,,,,,9,9,19,
194,Зелень,Зелень от Жаке,275,"Укроп, упак 100гр",упак,,,,7392,БК000000197,,,"0,1",в упаковке 100гр,,,,,,,,,,,,,,,,,,,,"1 000,00","1 100,00","110,00","110,00","75,00","90,00",,,,,,,,,,,,,,,,,,,,,,,,,"-35,00",20%,90,2%,92,90,92,135,135,1346,1 193,,,,,,,,,,,,,,,,,,,,9,9,-43,
195,Зелень,Зелень от Жаке,276,"Шпинат, упак 100гр",упак,,,,7393,БК000000198,,,"0,1",в упаковке 100гр,,,,,,,,,,,,,,,,,,,,"1 200,00","600,00","60,00","60,00","100,00","160,00",,,,,,,,,,,,,,,,,,,,,,,274,,"40,00",20%,120,2%,122,120,122,73,73,734,1 432,,,,,,,,,,,,,,,,,,,,12,12,49,
196,Зелень,Зелень от Жаке,277,"Щавель, упак 100гр",упак,,,,7394,БК000000199,,,"0,1",в упаковке 100гр,,,,,,,,,,,,,,,,,,,,"600,00","600,00","60,00","60,00","60,00","60,00",,,,,,,,,,,,,,,,,,,,,,,94,,"0,00",20%,72,2%,73,72,73,73,73,734,716,,,,,,,,,,,,,,,,,,,,7,7,0,
197,Сухофрукты,,235,Арахис в кунжуте,кг,,,,7620,БК000000227,,,,,,,,,,,,,,,,,,,,,,,,"1 400,00","1 400,00","1 400,00","1 400,00","1 400,00",,,,,,,,,,,,,,,,,,,,,,,,,,"0,00",20%,1680,12%,1882,1680,1882,1882,1882,1882,1 882,,,,,,,,,,,,,,,,,,,,,,0,
198,Сухофрукты,,236,Арахис жареный чищенный,кг,,,,7621,БК000000203,,,,,,,,,,,,,,,,,,,,,,,,"1 400,00","1 400,00","1 400,00","1 400,00","1 400,00",,,,,,,,,,,,,,,,,,,,,,,,,,"0,00",20%,1680,12%,1882,1680,1882,1882,1882,1882,1 882,,,,,,,,,,,,,,,,,,,,,,0,
199,Сухофрукты,,237,Арахис солёный чищенный,кг,,,,7622,УТ-00000008,,,,,,,,,,,,,,,,,,,,,,,,"1 600,00","1 600,00","1 600,00","1 600,00","1 600,00",,,,,,,,,,,,,,,,,,,,,,,,,,"0,00",20%,1920,12%,2150,1920,2150,2150,2150,2150,2 150,,,,,,,,,,,,,,,,,,,,,,0,
200,Сухофрукты,,238,Банановые чипсы,кг,,,,7623,БК000000204,,,,,,,,,,,,,,,,,,,,,,,,"2 300,00","2 300,00","2 300,00","2 300,00","2 300,00",,,,,,,,,,,,,,,,,,,,,,,,,,"0,00",20%,2760,12%,3091,2760,3091,3091,3091,3091,3 091,,,,,,,,,,,,,,,,,,,,,,0,
201,Сухофрукты,,239,Вишня с/ф,кг,,,,7624,00000000263,,,,,,,,,,,,,,,,,,,,,,,,"2 900,00","2 900,00","2 900,00","2 900,00","2 900,00",,,,,,,,,,,,,,,,,,,,,,,,,,"0,00",20%,3480,12%,3898,3480,3898,3898,3898,3898,3 898,,,,,,,,,,,,,,,,,,,,,,0,
202,Сухофрукты,,240,Дыня сушеная (косичка),упак,,,,7625,БК000000228,,,,,,,,,,,,,,,,,,,,,,,,"250,00","300,00","350,00","350,00","350,00",,,,,,,,,,,,,,,,,,,,,,,,,,"0,00",20%,420,12%,470,420,470,470,470,403,336,,,,,,,,,,,,,,,,,,,,,,0,
203,Сухофрукты,,72,Изюм желтый,кг,,,,7617,00000000101,,,,,,,,,,,,,,,,,,,,,,,,"1 900,00","1 900,00","1 900,00","1 900,00","1 900,00",,,,,,,,,,,,,,,,,,,,,,,,,,"0,00",20%,2280,12%,2554,2280,2554,2554,2554,2554,2 554,,,,,,,,,,,,,,,,,,,,,,0,
204,Сухофрукты,,241,Изюм коричневый,кг,,,,7626,БК000000205,,,,,,,,,,,,,,,,,,,,,,,,"1 200,00","1 200,00","1 200,00","1 200,00","1 200,00",,,,,,,,,,,,,,,,,,,,,,,,,,"0,00",20%,1440,12%,1613,1440,1613,1613,1613,1613,1 613,,,,,,,,,,,,,,,,,,,,,,0,
205,Сухофрукты,,242,Изюм кунаки,кг,,,,7627,БК000000206,,,,,,,,,,,,,,,,,,,,,,,,"1 100,00","1 200,00","1 100,00","1 100,00","1 100,00",,,,,,,,,,,,,,,,,,,,,,,,,,"0,00",20%,1320,12%,1478,1320,1478,1478,1478,1613,1 478,,,,,,,,,,,,,,,,,,,,,,0,
206,Сухофрукты,,73,Изюм сояги,кг,,,,7618,УТ-00000204,,,,,,,,,,,,,,,,,,,,,,,,"1 600,00","1 600,00","1 600,00","1 600,00","1 600,00",,,,,,,,,,,,,,,,,,,,,,,,,,"0,00",20%,1920,12%,2150,1920,2150,2150,2150,2150,2 150,,,,,,,,,,,,,,,,,,,,,,0,
207,Сухофрукты,,243,"Инжир с/ф (0,4 кг)",упак,,,,7628,БК000000207,,,,,,,,,,,,,,,,,,,,,,,,"1 200,00","1 200,00","1 200,00","1 200,00","1 200,00",,,,,,,,,,,,,,,,,,,,,,,,,,"0,00",20%,1440,12%,1613,1440,1613,1613,1613,1613,1 613,,,,,,,,,,,,,,,,,,,,,,0,
208,Сухофрукты,,183,Кешью,кг,,,,7608,00000000419,,,,,,,,,,,,,,,,,,,,,,,,"4 200,00","4 200,00","4 100,00","4 100,00","4 100,00",,,,,,,,,,,,,,,,,,,,,,,,,,"0,00",20%,4920,12%,5510,4920,5510,5510,5510,5645,5 645,,,,,,,,,,,,,,,,,,,,,,0,
209,Сухофрукты,,244,Клюква с/ф,кг,,,,7629,БК000000208,,,,,,,,,,,,,,,,,,,,,,,,"3 600,00","3 600,00","4 600,00","4 600,00","4 600,00",,,,,,,,,,,,,,,,,,,,,,,,,,"0,00",20%,5520,12%,6182,5520,6182,6182,6182,4838,4 838,,,,,,,,,,,,,,,,,,,,,,0,
210,Сухофрукты,,245,Компотная смесь,упак,"0,5",,,7630,БК000000209,,,,,,,,,,,,,,,,,,,,,,,,"600,00","600,00","600,00","600,00","600,00",,,,,,,,,,,,,,,,,,,,,,,,,,"0,00",20%,720,12%,806,720,806,806,806,806,806,,,,,,,,,,,,,,,,,,,,,,0,
211,Сухофрукты,,71,Курага высший сорт с/ф,кг,,,,7619,УТ-00000205,,,,,,,,,,,,,,,,,,,,,,,,"3 600,00","3 600,00","3 600,00","3 600,00","3 600,00",,,,,,,,,,,,,,,,,,,,,,,,,,"0,00",20%,4320,12%,4838,4320,4838,4838,4838,4838,4 838,,,,,,,,,,,,,,,,,,,,,,0,
212,Сухофрукты,,246,Курага средний сорт с/ф,кг,,,,7631,БК000000210,,,,,,,,,,,,,,,,,,,,,,,,"3 000,00","3 200,00","3 300,00","3 300,00","3 300,00",,,,,,,,,,,,,,,,,,,,,,,,,,"0,00",20%,3960,12%,4435,3960,4435,4435,4435,4301,4 032,,,,,,,,,,,,,,,,,,,,,,0,
213,Сухофрукты,,247,Курага шоколадная с/ф,кг,,,,7632,БК000000211,,,,,,,,,,,,,,,,,,,,,,,,"3 600,00","3 600,00","3 700,00","3 700,00","3 700,00",,,,,,,,,,,,,,,,,,,,,,,,,,"0,00",20%,4440,12%,4973,4440,4973,4973,4973,4838,4 838,,,,,,,,,,,,,,,,,,,,,,0,
214,Сухофрукты,,185,Курага Яссама с/ф,кг,,,,7611,БК000000257,,,,,,,,,,,,,,,,,,,,,,,,"3 500,00","3 500,00","3 400,00","3 400,00","3 400,00",,,,,,,,,,,,,,,,,,,,,,,,,,"0,00",20%,4080,12%,4570,4080,4570,4570,4570,4704,4 704,,,,,,,,,,,,,,,,,,,,,,0,
215,Сухофрукты,,248,"Манго сушеный (0,5кг)",упак,,,,7633,БК000000214,,,,,,,,,,,,,,,,,,,,,,,,"2 000,00","2 000,00","2 000,00","2 000,00","2 000,00",,,,,,,,,,,,,,,,,,,,,,,,,,"0,00",20%,2400,12%,2688,2400,2688,2688,2688,2688,2 688,,,,,,,,,,,,,,,,,,,,,,0,
216,Сухофрукты,,249,Миндаль несоленый,кг,,,,7634,00000000108,,,,,,,,,,,,,,,,,,,,,,,,"3 600,00","3 600,00","3 600,00","3 600,00","3 600,00",,,,,,,,,,,,,,,,,,,,,,,,,,"0,00",20%,4320,12%,4838,4320,4838,4838,4838,4838,4 838,,,,,,,,,,,,,,,,,,,,,,0,
217,Сухофрукты,,250,Миндаль соленый,кг,,,,7635,БК000000215,,,,,,,,,,,,,,,,,,,,,,,,"3 900,00","3 900,00","3 900,00","3 900,00","3 900,00",,,,,,,,,,,,,,,,,,,,,,,,,,"0,00",20%,4680,12%,5242,4680,5242,5242,5242,5242,5 242,,,,,,,,,,,,,,,,,,,,,,0,
218,Сухофрукты,,181,Орехи грецкие чищенные,кг,,,,7604,00000000370,,,,,,,,,,,,,,,,,,,,,,,,"2 900,00","2 900,00","2 900,00","2 900,00","2 900,00",,,,,,,,,,,,,,,,,,,,,,,,,,"0,00",15%,3335,12%,3735,3335,3735,3735,3735,3735,3 735,,,,,,,,,,,,,,,,,,,,,,0,
219,Сухофрукты,,251,Орехи кедровые очищенные,кг,,,,7636,00000000103,,,,,,,,,,,,,,,,,,,,,,,,"7 200,00","7 000,00","7 100,00","7 100,00","7 100,00",,,,,,,,,,,,,,,,,,,,,,,,,,"0,00",15%,8165,12%,9145,8165,9145,9145,9145,9016,9 274,,,,,,,,,,,,,,,,,,,,,,0,
220,Сухофрукты,,252,Пастила,упак,"0,15",,,7637,БК000000216,,,,,,,,,,,,,,,,,,,,,,,,"350,00","350,00","450,00","450,00","450,00",,,,,,,,,,,,,,,,,,,,,,,,,,"0,00",20%,540,12%,605,540,605,605,605,470,2 218,,,,,,,,,,,,,,,,,,,,,,0,
221,Сухофрукты,,188,Тыквенные семечки очищенные,кг,,,,7615,00000000111,,,,,,,,,,,,,,,,,,,,,,,,"2 800,00","2 800,00","2 800,00","2 800,00","2 800,00",,,,,,,,,,,,,,,,,,,,,,,,,,"0,00",15%,3220,12%,3606,3220,3606,3606,3606,3606,3 606,,,,,,,,,,,,,,,,,,,,,,0,
222,Сухофрукты,,253,Финики королевские с/ф,кг,,,,7638,БК000000219,,,,,,,,,,,,,,,,,,,,,,,,"4 500,00","4 500,00","4 600,00","4 600,00","4 600,00",,,,,,,,,,,,,,,,,,,,,,,,,,"0,00",20%,5520,12%,6182,5520,6182,6182,6182,6048,6 048,,,,,,,,,,,,,,,,,,,,,,0,
223,Сухофрукты,,254,Финики с/ф,кг,,,,7639,БК000000220,,,,,,,,,,,,,,,,,,,,,,,,"1 200,00","2 900,00","1 100,00","1 100,00","1 100,00",,,,,,,,,,,,,,,,,,,,,,,,,,"0,00",20%,1320,12%,1478,1320,1478,1478,1478,3898,1 613,,,,,,,,,,,,,,,,,,,,,,0,
224,Сухофрукты,,255,Фисташки неочищенные с/ф,кг,,,,7640,БК000000221,,,,,,,,,,,,,,,,,,,,,,,,"5 300,00","5 700,00","5 700,00","5 700,00","5 700,00",,,,,,,,,,,,,,,,,,,,,,,,,,"0,00",20%,6840,12%,7661,6840,7661,7661,7661,7661,7 123,,,,,,,,,,,,,,,,,,,,,,0,
225,Сухофрукты,,256,Фундук очищенный,кг,,,,7641,00000000112,,,,,,,,,,,,,,,,,,,,,,,,"3 900,00","3 900,00","3 900,00","3 900,00","3 900,00",,,,,,,,,,,,,,,,,,,,,,,,,,"0,00",20%,4680,12%,5242,4680,5242,5242,5242,5242,5 242,,,,,,,,,,,,,,,,,,,,,,0,
226,Сухофрукты,,257,Чернослив без косточки,кг,,,,7642,БК000000222,,,,,,,,,,,,,,,,,,,,,,,,"1 400,00","1 400,00","1 400,00","1 400,00","1 400,00",,,,,,,,,,,,,,,,,,,,,,,,,,"0,00",20%,1680,12%,1882,1680,1882,1882,1882,1882,1 882,,,,,,,,,,,,,,,,,,,,,,0,
227,Сухофрукты,,258,Чернослив с косточкой,кг,,,,7643,БК000000223,,,,,,,,,,,,,,,,,,,,,,,,"1 300,00","1 300,00","1 400,00","1 400,00","1 400,00",,,,,,,,,,,,,,,,,,,,,,,,,,"0,00",20%,1680,12%,1882,1680,1882,1882,1882,1747,1 747,,,,,,,,,,,,,,,,,,,,,,0,
228,Микрозелень,RucoLab,144,"Микрозелень Горох, каретка",каретка,,,,7323,00000000193,,,"0,06",,,,,,,,,,,,,,,,,,,,,800,800,800,800,800,,,,,,,,,,,,,,,,,,,,,,,,,,0,25%,1000,12%,1120,1000,1120,1120,1120,1020,1 020,,,,,,,,,,,,,,,,,,,,,,0,
229,Микрозелень,RucoLab,,"Микрозелень Горчица белая, каретка",каретка,,,,,00000000194,,,,,,,,,,,,,,,,,,,,,,,,800,800,800,800,800,,,,,,,,,,,,,,,,,,,,,,,,,,0,25%,1000,12%,1120,1000,1120,1120,1120,1020,1 020,,,,,,,,,,,,,,,,,,,,,,0,
230,Микрозелень,RucoLab,,"Микрозелень Кресс-Салата, каретка",каретка,,,,,00000000200,,,,,,,,,,,,,,,,,,,,,,,,800,800,800,800,800,,,,,,,,,,,,,,,,,,,,,,,,,,0,25%,1000,12%,1120,1000,1120,1120,1120,1020,1 020,,,,,,,,,,,,,,,,,,,,,,0,
231,Микрозелень,RucoLab,,"Микрозелень Редис China Rose, каретка",каретка,,,,,БК000000255,,,,,,,,,,,,,,,,,,,,,,,,800,800,800,800,800,,,,,,,,,,,,,,,,,,,,,,,,,,0,25%,1000,12%,1120,1000,1120,1120,1120,1020,1 020,,,,,,,,,,,,,,,,,,,,,,0,
232,Микрозелень,RucoLab,,"Микрозелень Руккола, каретка",каретка,,,,,00000000207,,,,,,,,,,,,,,,,,,,,,,,,800,800,800,800,800,,,,,,,,,,,,,,,,,,,,,,,,,,0,25%,1000,12%,1120,1000,1120,1120,1120,1020,1 020,,,,,,,,,,,,,,,,,,,,,,0,
233,Микрозелень,RucoLab,,"Микрозелень Редис Санго, каретка",каретка,,,,,БК000000274,,,,,,,,,,,,,,,,,,,,,,,,900,900,900,900,900,,,,,,,,,,,,,,,,,,,,,,,,,,0,25%,1125,12%,1260,1125,1260,1260,1260,1148,1 148,,,,,,,,,,,,,,,,,,,,,,0,
234,Микрозелень,RucoLab,,"Микрозелень Амарант, каретка",каретка,,,,,00000000191,,,,,,,,,,,,,,,,,,,,,,,,1000,1000,1000,1000,1000,,,,,,,,,,,,,,,,,,,,,,,,,,0,25%,1250,12%,1400,1250,1400,1400,1400,1275,1 275,,,,,,,,,,,,,,,,,,,,,,0,
235,Микрозелень,RucoLab,,"Микрозелень Базилик Зеленый, каретка",каретка,,,,,00000000192,,,,,,,,,,,,,,,,,,,,,,,,1000,1000,1000,1000,1000,,,,,,,,,,,,,,,,,,,,,,,,,,0,25%,1250,12%,1400,1250,1400,1400,1400,1275,1 275,,,,,,,,,,,,,,,,,,,,,,0,
236,Микрозелень,RucoLab,,"Микрозелень Базилик фиолетовый, каретка",каретка,,,,,БК000000275,,,,,,,,,,,,,,,,,,,,,,,,1000,1000,1000,1000,1000,,,,,,,,,,,,,,,,,,,,,,,,,,0,25%,1250,12%,1400,1250,1400,1400,1400,1275,1 275,,,,,,,,,,,,,,,,,,,,,,0,
237,Микрозелень,RucoLab,,"Микрозелень Кориандр (Кинза), каретка",каретка,,,,,00000000198,,,,,,,,,,,,,,,,,,,,,,,,1000,1000,1000,1000,1000,,,,,,,,,,,,,,,,,,,,,,,,,,0,25%,1250,12%,1400,1250,1400,1400,1400,1275,1 275,,,,,,,,,,,,,,,,,,,,,,0,
238,Микрозелень,RucoLab,,"Микрозелень Лук ароматный, каретка",каретка,,,,,БК000000276,,,,,,,,,,,,,,,,,,,,,,,,1100,1100,1100,1100,1100,,,,,,,,,,,,,,,,,,,,,,,,,,0,25%,1375,12%,1540,1375,1540,1540,1540,1403,1 403,,,,,,,,,,,,,,,,,,,,,,0,
239,Микрозелень,RucoLab,,"Микрозелень Мизуна красная, каретка",каретка,,,,,БК000000277,,,,,,,,,,,,,,,,,,,,,,,,1100,1100,1100,1100,1100,,,,,,,,,,,,,,,,,,,,,,,,,,0,25%,1375,12%,1540,1375,1540,1540,1540,1403,1 403,,,,,,,,,,,,,,,,,,,,,,0,
240,Микрозелень,RucoLab,262,"Микрозелень Щавель красножильный, каретка",каретка,,,,7324,БК000000224,,,"0,06",,,,,,,,,,,,,,,,,,,,,1100,1100,1100,1100,1100,,,,,,,,,,,,,,,,,,,,,,,,,,0,25%,1375,12%,1540,1375,1540,1540,1540,1403,1 403,,,,,,,,,,,,,,,,,,,,,,0,
241,Микрозелень,RucoLab,,"Микрозелень Пищевые цветы, каретка",каретка,,,,,БК000000224,,,,,,,,,,,,,,,,,,,,,,,,1400,1400,1400,1400,1400,,,,,,,,,,,,,,,,,,,,,,,,,,0,25%,1750,12%,1960,1750,1960,1960,1960,1785,1 785,,,,,,,,,,,,,,,,,,,,,,0,
242,Овощи,,292,Кукуруза,шт,,,,7234,БК000000286,,,,,,,,,,,,,,,,,,,,,,,,,,140,150,160,160,,,,,,,,,,,,,,,,,,,275,,215,,245,,10,25%,200,12%,224,200,224,211,196,,,,,,,,,,,,,,,,,,,,,,,,13,
243,Овощи,,293,Помидоры Новичок красные,кг,,,,7235,БК000000293,,,,,,,,,,,,,,,,,,,,,,,,,,,310,180,200,,,,,,,,,,,,,,,,,,,,,395,,375,,-130,25%,225,12%,252,225,252,435,,,,,,,,,,,,,,,,,,,,,,,,,-183,
244,Овощи,,294,Помидоры местные,кг,,,,7236,БК000000310,,,,,,,,,,,,,,,,,,,,,,,,,,,250,220,,,,,,,,,,,,,,,,,,,,,,,,,,-30,25%,275,12%,308,275,308,351,,,,,,,,,,,,,,,,,,,,,,,,,-43,
245,Овощи,,295,Помидоры желтые,кг,,,,7237,БК000000295,,,,,,,,,,,,,,,,,,,,,,,,,,,1000,900,,,,,,,,,,,,,,,,,,,,,,,,,,-100,25%,1125,12%,1260,1125,1260,1400,,,,,,,,,,,,,,,,,,,,,,,,,-140,
246,Зелень,,296,Зелень Бейби Пак чой,кг,,,,7325,БК000000296,,,,,,,,,,,,,,,,,,,,,,,,,,,1300,1300,,,,,,,,,,,,,,,,,,,,,,,,,,0,18%,1534,12%,1718,1534,1718,1718,,,,,,,,,,,,,,,,,,,,,,,,,0,
247,Зелень,,297,Зелень Ю Ма Сай,кг,,,,7325,БК000000297,,,,,,,,,,,,,,,,,,,,,,,,,,,1500,1500,,,,,,,,,,,,,,,,,,,,,,,,,,0,18%,1770,12%,1982,1770,1982,1982,,,,,,,,,,,,,,,,,,,,,,,,,0,
248,Овощи,,298,Баклажаны местные,кг,,,,7238,БК000000308,,,,,,,,,,,,,,,,,,,,,,,,,,,350,280,280,,,,,,,,,,,,,,,,,,,,,,,585,,-70,25%,350,12%,392,350,392,491,,,,,,,,,,,,,,,,,,,,,,,,,-99,
249,Овощи,,299,Огурцы местные,кг,,,,7239,БК000000309,,,,,,,,,,,,,,,,,,,,,,,,,,,350,160,160,,,,,,,,,,,,,,,,,,,,,265,,265,,-190,25%,200,12%,224,200,224,491,,,,,,,,,,,,,,,,,,,,,,,,,-267,
250,Фрукты,,62,Дыня Колхозница,кг,,,,74101,00000000129,,,,,,,,,,,,,,,,,,,,,,,,,,,350,350,300,,,,,,,,,,,,,,,,,,,,,449,600,445,600,0,25%,438,12%,491,438,491,491,,,,,,,,,,,,,,,,,,,,,,,,,0,
251,Фрукты,,300,Яблоки пеструшка,кг,,,,74102,БК000000300,Сетка-рукав,,"1,00",,,,,,,,,,,,,,,,,,,,,,,,650,400,,,,,,,,,,,,,,,,,,,,,,,,,,-250,25%,500,12%,560,500,560,911,,,,,,,,,,,,,,,,,,,,,,,,,-351,
252,Фрукты,,301,Яблоки Red Prince,кг,,,,74103,БК000000301,Сетка-рукав,,"1,00",,,,,,,,,,,,,,,,,,,,,,,,540,550,550,,,,,,,,,,,,,,,,,,,,,759,,805,,10,25%,688,12%,771,688,771,756,,,,,,,,,,,,,,,,,,,,,,,,,15,
253,Фрукты,,303,Яблоки Конфетка,кг,,,,74104,БК000000302,,,,,,,,,,,,,,,,,,,,,,,,,,,500,550,550,,,,,,,,,,,,,,,,,,,,,,,,,50,25%,688,12%,771,688,771,700,,,,,,,,,,,,,,,,,,,,,,,,,71,
254,Овощи,,302,Баклажаны тепличные,кг,,,,7240,БК000000303,Сетка-рукав,,"1,00",,,,,,,,,,,,,,,,,,,,,,,,500,350,350,,,,,,,,,,,,,,,,,,,,,,,,800,-150,25%,438,12%,491,438,491,700,,,,,,,,,,,,,,,,,,,,,,,,,-209,
255,Овощи,,307,Капуста белокочанная молодая Соц,кг,,,,7241,УТ-00000189,,,,,,,,,,,,,,,,,,,,,,,,,,,,,,,,,,,,,,,,,,,,,,,,,,,,,,0,25%,0,12%,0,0,0,180,,,,,,,,,,,,,,,,,,,,,,,,,-180,
256,Овощи,,306,Лук репчатый молодой Соц,кг,,,,7242,УТ-00000149,,,,,,,,,,,,,,,,,,,,,,,,,,,,,,,,,,,,,,,,,,,,,,,,,,,,,,0,25%,0,12%,0,0,0,240,,,,,,,,,,,,,,,,,,,,,,,,,-240,
257,Овощи,,305,Морковь свежая Соц,кг,,,,7243,УТ-00000150,,,,,,,,,,,,,,,,,,,,,,,,,,,,,,,,,,,,,,,,,,,,,,,,,,,,,,0,25%,0,12%,0,0,0,360,,,,,,,,,,,,,,,,,,,,,,,,,-360,
258,Овощи,,304,Картофель молодой Соц,кг,,,,7244,БК000000307,,,,,,,,,,,,,,,,,,,,,,,,,,,,,,,,,,,,,,,,,,,,,,,,,,,,,,0,25%,0,12%,0,0,0,245,,,,,,,,,,,,,,,,,,,,,,,,,-245,
,Фрукты,,,Персик мохнатый Восток,кг,,,,,,,,,,,,,,,,,,,,,,,,,,,,,,,,,800,750,,,,,,,,,,,,,,,,,,,,,,,,,800,30%,1040,12%,1165,1040,1165,,,,,,,,,,,,,,,,,,,,,,,,,,1165,
,Фрукты,,308,Яблоки Мельба,кг,,,,74106,БК000000313,Сетка-рукав,,"1,00",,,,,,,,,,,,,,,,,,,,,,,,,550,,,,,,,,,,,,,,,,,,,,,,,,,,550,25%,688,12%,771,688,771,,,,,,,,,,,,,,,,,,,,,,,,,,771,
,Ягоды,,182,Голубика вес,кг,,,,74105,БК000000312,,,,,,,,,,,,,,,,,,,,,,,,,,,,8000,,,,,,,,,,,,,,,,,,,,,,,,,,8000,25%,10000,12%,11200,10000,11200,,,,,,,,,,,,,,,,,,,,,,,,,,11200,